aceh|acehselatan|bakongan,23773
aceh|acehselatan|kluetutara,23771
aceh|acehselatan|kluetselatan,23772
aceh|acehselatan|labuhanhaji,23761
aceh|acehselatan|meukek,23754
aceh|acehselatan|samadua,23752
aceh|acehselatan|sawang,23753
aceh|acehselatan|tapaktuan,23711
aceh|acehselatan|trumon,23774
aceh|acehselatan|pasiraja,23755
aceh|acehselatan|labuhanhajitimur,23758
aceh|acehselatan|labuhanhajibarat,23757
aceh|acehselatan|kluettengah,23770
aceh|acehselatan|kluettimur,23779
aceh|acehselatan|bakongantimur,23777
aceh|acehselatan|trumontimur,23776
aceh|acehselatan|bahagia,23778
aceh|acehselatan|trumontengah,23775
aceh|acehtenggara|lawealas,24661
aceh|acehtenggara|lawesigalagala,24676
aceh|acehtenggara|bambel,24672
aceh|acehtenggara|babussalam,24664
aceh|acehtenggara|badar,24666
aceh|acehtenggara|babulmakmur,24673
aceh|acehtenggara|darulhasanah,24663
aceh|acehtenggara|lawebulan,24665
aceh|acehtenggara|bukittusam,24671
aceh|acehtenggara|semadam,24678
aceh|acehtenggara|babulrahmah,24675
aceh|acehtenggara|ketambe,24662
aceh|acehtenggara|delengpokhkisen,24660
aceh|acehtenggara|lawesumur,24670
aceh|acehtenggara|tanohalas,24674
aceh|acehtenggara|leuser,24677
aceh|acehtimur|darulaman,24455
aceh|acehtimur|julok,24459
aceh|acehtimur|idirayeuk,24442
aceh|acehtimur|birembayeun,24452
aceh|acehtimur|serbajadi,24460
aceh|acehtimur|nurussalam,24467
aceh|acehtimur|peureulak,24453
aceh|acehtimur|rantauselamat,24451
aceh|acehtimur|simpangulim,24465
aceh|acehtimur|rantaupeureulak,24441
aceh|acehtimur|pantebidari,24463
aceh|acehtimur|madat,24462
aceh|acehtimur|indramakmu,24457
aceh|acehtimur|iditunong,24443
aceh|acehtimur|bandaalam,24458
aceh|acehtimur|peudawa,24469
aceh|acehtimur|peureulaktimur,24440
aceh|acehtimur|peureulakbarat,24450
aceh|acehtimur|sungairaya,24466
aceh|acehtimur|simpangjernih,24464
aceh|acehtimur|darulihsan,24468
aceh|acehtimur|darulfalah,24454
aceh|acehtimur|iditimur,24456
aceh|acehtimur|peunaron,24461
aceh|acehtengah|linge,24565
aceh|acehtengah|silihnara,24569
aceh|acehtengah|bebesen,24552
aceh|acehtengah|pegasing,24560
aceh|acehtengah|bintang,24571
aceh|acehtengah|ketol,24566
aceh|acehtengah|kebayakan,24517
aceh|acehtengah|kutepanang,24568
aceh|acehtengah|celala,24562
aceh|acehtengah|lauttawar,24511
aceh|acehtengah|atulintang,24563
aceh|acehtengah|jagongjeget,24564
aceh|acehtengah|bies,24561
aceh|acehtengah|rusipantara,24567
aceh|acehbarat|johanpahwalan,23611
aceh|acehbarat|kawayxvi,23681
aceh|acehbarat|sungaimas,23685
aceh|acehbarat|woyla,23654
aceh|acehbarat|samatiga,23650
aceh|acehbarat|bubon,23651
aceh|acehbarat|aronganlambalek,23652
aceh|acehbarat|panteceureumen,23680
aceh|acehbarat|meureubo,23615
aceh|acehbarat|woylabarat,23682
aceh|acehbarat|woylatimur,23683
aceh|acehbarat|pantonreu,23684
aceh|acehbesar|lhoong,23354
aceh|acehbesar|lhoknga,23355
aceh|acehbesar|indrapuri,23363
aceh|acehbesar|seulimeum,23951
aceh|acehbesar|montasik,23362
aceh|acehbesar|sukamakmur,23361
aceh|acehbesar|darulimarah,23352
aceh|acehbesar|peukanbada,23351
aceh|acehbesar|mesjidraya,23381
aceh|acehbesar|inginjaya,23371
aceh|acehbesar|kutabaro,23372
aceh|acehbesar|darussalam,23374
aceh|acehbesar|puloaceh,23391
aceh|acehbesar|lembahseulawah,23952
aceh|acehbesar|jantho,23911
aceh|acehbesar|cotglie,23364
aceh|acehbesar|kutamalaka,23365
aceh|acehbesar|simpangtiga,23375
aceh|acehbesar|darulkamal,23350
aceh|acehbesar|baitussalam,23373
aceh|acehbesar|kruengbaronajaya,23370
aceh|acehbesar|leupung,23353
aceh|acehbesar|blangbintang,23360
aceh|pidie|batee,24152
aceh|pidie|delima,24162
aceh|pidie|geumpang,24167
aceh|pidie|geulumpangtiga,24183
aceh|pidie|indrajaya,24171
aceh|pidie|kembangtanjong,24182
aceh|pidie|sigli,24111
aceh|pidie|mila,24163
aceh|pidie|muaratiga,24153
aceh|pidie|mutiara,24173
aceh|pidie|padangtiji,24161
aceh|pidie|peukanbaro,24172
aceh|pidie|pidie,24151
aceh|pidie|sakti,24164
aceh|pidie|simpangtiga,24181
aceh|pidie|tangse,24166
aceh|pidie|tirotruseb,24174
aceh|pidie|keumala,24165
aceh|pidie|mutiaratimur,24175
aceh|pidie|gronggrong,24150
aceh|pidie|mane,24189
aceh|pidie|glumpangbaro,24180
aceh|pidie|titeue,24168
aceh|acehutara|baktiya,24392
aceh|acehutara|dewantara,24354
aceh|acehutara|kutamakmur,24371
aceh|acehutara|lhoksukon,24382
aceh|acehutara|matangkuli,24386
aceh|acehutara|muarabatu,24355
aceh|acehutara|meurahmulia,24372
aceh|acehutara|samudera,24374
aceh|acehutara|seunuddon,24393
aceh|acehutara|syamtaliraaron,24381
aceh|acehutara|syamtalirabayu,24370
aceh|acehutara|tanahluas,24387
aceh|acehutara|tanahpasir,24390
aceh|acehutara|tjamboaye,24395
aceh|acehutara|sawang,24377
aceh|acehutara|nisam,24378
aceh|acehutara|cotgirek,24352
aceh|acehutara|langkahan,24394
aceh|acehutara|baktiyabarat,24396
aceh|acehutara|payabakong,24383
aceh|acehutara|nibong,24385
aceh|acehutara|simpangkramat,24313
aceh|acehutara|lapang,24391
aceh|acehutara|piraktimur,24384
aceh|acehutara|geuredongpase,24373
aceh|acehutara|bandabaro,24376
aceh|acehutara|nisamantara,24379
aceh|simeulue|simeuluetengah,23894
aceh|simeulue|salang,23896
aceh|simeulue|teupahbarat,23897
aceh|simeulue|simeuluetimur,23891
aceh|simeulue|telukdalam,23890
aceh|simeulue|simeuluebarat,23892
aceh|simeulue|teupahselatan,23898
aceh|simeulue|alapan,23893
aceh|simeulue|teupahtengah,23899
aceh|simeulue|simeuluecut,23895
aceh|acehsingkil|pulaubanyak,24791
aceh|acehsingkil|simpangkanan,24794
aceh|acehsingkil|singkil,24785
aceh|acehsingkil|gunungmeriah,24793
aceh|acehsingkil|baharu,24792
aceh|acehsingkil|singkilutara,24791
aceh|acehsingkil|danauparis,24784
aceh|acehsingkil|suromakmur,24787
aceh|acehsingkil|singkohor,24788
aceh|acehsingkil|kualabaru,24789
aceh|acehsingkil|pulaubanyakbarat,24790
aceh|bireuen|samalanga,24264
aceh|bireuen|jeunieb,24263
aceh|bireuen|peudada,24262
aceh|bireuen|jeumpa,24251
aceh|bireuen|peusangan,24267
aceh|bireuen|makmur,24357
aceh|bireuen|gandapura,24356
aceh|bireuen|pandrah,24265
aceh|bireuen|juli,24250
aceh|bireuen|jangka,24261
aceh|bireuen|simpangmamplam,24253
aceh|bireuen|peulimbang,24266
aceh|bireuen|juang,24252
aceh|bireuen|kuala,24260
aceh|bireuen|peusangansiblahkrueng,24269
aceh|bireuen|peusanganselatan,24268
aceh|bireuen|kutablang,24358
aceh|acehbaratdaya|blangpidie,23764
aceh|acehbaratdaya|tangantangan,23768
aceh|acehbaratdaya|manggeng,23760
aceh|acehbaratdaya|susoh,23765
aceh|acehbaratdaya|kualabatee,23766
aceh|acehbaratdaya|babahrot,23767
aceh|acehbaratdaya|setia,23763
aceh|acehbaratdaya|jeumpa,23769
aceh|acehbaratdaya|lembahsabil,23762
aceh|gayolues|blangkejeren,24655
aceh|gayolues|kutapanjang,24650
aceh|gayolues|rikitgaib,24651
aceh|gayolues|terangun,24656
aceh|gayolues|pining,24659
aceh|gayolues|blangpegayon,24653
aceh|gayolues|puteribetung,24658
aceh|gayolues|dabungelang,24652
aceh|gayolues|blangjerango,24655
aceh|gayolues|teripejaya,24657
aceh|gayolues|pantancuaca,24654
aceh|acehjaya|teunom,23653
aceh|acehjaya|kruengsabee,23654
aceh|acehjaya|setiabhakti,23655
aceh|acehjaya|sampoiniet,23659
aceh|acehjaya|jaya,23658
aceh|acehjaya|panga,23653
aceh|acehjaya|indrajaya,23657
aceh|acehjaya|darulhikmah,23656
aceh|acehjaya|pasieraya,23653
aceh|naganraya|kuala,23661
aceh|naganraya|seunagan,23671
aceh|naganraya|seunagantimur,23670
aceh|naganraya|beutong,23672
aceh|naganraya|darulmakmur,23662
aceh|naganraya|sukamakmue,23674
aceh|naganraya|kualapesisir,23660
aceh|naganraya|taduraya,23664
aceh|naganraya|tripamakmur,23663
aceh|naganraya|beutongateuhbanggalang,23673
aceh|acehtamiang|manyakpayed,24471
aceh|acehtamiang|bendahara,24470
aceh|acehtamiang|karangbaru,24476
aceh|acehtamiang|seruway,24473
aceh|acehtamiang|kualasinpang,24475
aceh|acehtamiang|kejuruanmuda,24477
aceh|acehtamiang|tamianghulu,24479
aceh|acehtamiang|rantau,24474
aceh|acehtamiang|bandamulia,24472
aceh|acehtamiang|bandarpusaka,24478
aceh|acehtamiang|tenggulun,24477
aceh|acehtamiang|sekerak,24476
aceh|benermeriah|pinturimegayo,24554
aceh|benermeriah|permata,24585
aceh|benermeriah|syiahutama,24586
aceh|benermeriah|bandar,24582
aceh|benermeriah|bukit,24581
aceh|benermeriah|wihpesam,24580
aceh|benermeriah|timanggajah,24555
aceh|benermeriah|benerkelipah,24583
aceh|benermeriah|mesidah,24584
aceh|benermeriah|gajahputih,24553
aceh|pidiejaya|meureudu,24186
aceh|pidiejaya|ulim,24187
aceh|pidiejaya|jangkabuaya,24186
aceh|pidiejaya|bandardua,24188
aceh|pidiejaya|meurahdua,24186
aceh|pidiejaya|bandarbaru,24184
aceh|pidiejaya|panteraja,24185
aceh|pidiejaya|trienggadeng,24185
aceh|bandaaceh|baiturrahman,23241
aceh|bandaaceh|kutaalam,23121
aceh|bandaaceh|meuraxa,23231
aceh|bandaaceh|syiahkuala,23111
aceh|bandaaceh|luengbata,23244
aceh|bandaaceh|kutaraja,23128
aceh|bandaaceh|bandaraya,23238
aceh|bandaaceh|jayabaru,23230
aceh|bandaaceh|uleekareng,23117
aceh|sabang|sukakarya,23511
aceh|sabang|sukajaya,23521
aceh|sabang|sukamakmue,23516
aceh|lhokseumawe|muaradua,24351
aceh|lhokseumawe|bandasakti,24311
aceh|lhokseumawe|blangmangat,24375
aceh|lhokseumawe|muarasatu,24353
aceh|langsa|langsatimur,24411
aceh|langsa|langsabarat,24410
aceh|langsa|langsakota,24410
aceh|langsa|langsalama,24411
aceh|langsa|langsabaro,24415
aceh|subulussalam|simpangkiri,24781
aceh|subulussalam|penanggalan,24780
aceh|subulussalam|rundeng,24779
aceh|subulussalam|sultandaulat,24783
aceh|subulussalam|longkib,24782
sumaterautara|tapanulitengah|barus,22564
sumaterautara|tapanulitengah|sorkam,22560
sumaterautara|tapanulitengah|pandan,22611
sumaterautara|tapanulitengah|pinangsori,22653
sumaterautara|tapanulitengah|manduamas,22565
sumaterautara|tapanulitengah|kolang,22562
sumaterautara|tapanulitengah|tapiannauli,22618
sumaterautara|tapanulitengah|sibabangun,22655
sumaterautara|tapanulitengah|sosorgadong,22568
sumaterautara|tapanulitengah|sorkambarat,22561
sumaterautara|tapanulitengah|sirandorung,22566
sumaterautara|tapanulitengah|andamdewi,22651
sumaterautara|tapanulitengah|sitahuis,22611
sumaterautara|tapanulitengah|tukka,22617
sumaterautara|tapanulitengah|badiri,22654
sumaterautara|tapanulitengah|pasaributobing,22563
sumaterautara|tapanulitengah|barusutara,22567
sumaterautara|tapanulitengah|sukabangun,22656
sumaterautara|tapanulitengah|lumut,22652
sumaterautara|tapanulitengah|sarudik,22611
sumaterautara|tapanuliutara|tarutung,22411
sumaterautara|tapanuliutara|siatasbarita,22417
sumaterautara|tapanuliutara|adiankoting,22461
sumaterautara|tapanuliutara|sipoholon,22452
sumaterautara|tapanuliutara|pahaejulu,22463
sumaterautara|tapanuliutara|pahaejae,22465
sumaterautara|tapanuliutara|simangumban,22466
sumaterautara|tapanuliutara|purbatua,22464
sumaterautara|tapanuliutara|siborongborong,22474
sumaterautara|tapanuliutara|pagaran,22458
sumaterautara|tapanuliutara|parmonangan,22453
sumaterautara|tapanuliutara|sipahutar,22471
sumaterautara|tapanuliutara|pangaribuan,22472
sumaterautara|tapanuliutara|garoga,22473
sumaterautara|tapanuliutara|muara,22476
sumaterautara|tapanuliselatan|angkolabarat,22735
sumaterautara|tapanuliselatan|batangtoru,22738
sumaterautara|tapanuliselatan|angkolatimur,22733
sumaterautara|tapanuliselatan|sipirok,22739
sumaterautara|tapanuliselatan|saipardolokhole,22759
sumaterautara|tapanuliselatan|angkolaselatan,22732
sumaterautara|tapanuliselatan|batangangkola,22773
sumaterautara|tapanuliselatan|arse,22748
sumaterautara|tapanuliselatan|marancar,22737
sumaterautara|tapanuliselatan|sayurmatinggi,22774
sumaterautara|tapanuliselatan|aekbilah,22758
sumaterautara|tapanuliselatan|muarabatangtoru,22736
sumaterautara|tapanuliselatan|tanotombanganangkola,22775
sumaterautara|tapanuliselatan|angkolasangkunur,22734
sumaterautara|tapanuliselatan|angkolamuaratais,22773
sumaterautara|nias|hiliduho,22854
sumaterautara|nias|gido,22871
sumaterautara|nias|idanogawo,22872
sumaterautara|nias|bawolato,22876
sumaterautara|nias|hiliserangkai,22850
sumaterautara|nias|botomuzoi,22815
sumaterautara|nias|ulugawo,22861
sumaterautara|nias|mau,22855
sumaterautara|nias|somolomolo,22871
sumaterautara|nias|sogaeadu,22871
sumaterautara|langkat|bahorok,20774
sumaterautara|langkat|salapian,20777
sumaterautara|langkat|kuala,20772
sumaterautara|langkat|seibingei,20771
sumaterautara|langkat|binjai,20761
sumaterautara|langkat|selesai,20762
sumaterautara|langkat|stabat,20811
sumaterautara|langkat|wampu,20851
sumaterautara|langkat|secanggang,20855
sumaterautara|langkat|hinai,20854
sumaterautara|langkat|tanjungpura,20853
sumaterautara|langkat|padangtualang,20850
sumaterautara|langkat|gebang,20856
sumaterautara|langkat|babalan,20857
sumaterautara|langkat|pangkalansusu,20858
sumaterautara|langkat|besitang,20859
sumaterautara|langkat|seilepan,20776
sumaterautara|langkat|berandanbarat,20881
sumaterautara|langkat|batangserangan,20852
sumaterautara|langkat|sawitseberang,20811
sumaterautara|langkat|sirapit,20775
sumaterautara|langkat|kutambaru,20773
sumaterautara|langkat|pematangjaya,20858
sumaterautara|karo|kabanjahe,22111
sumaterautara|karo|berastagi,22152
sumaterautara|karo|barusjahe,22172
sumaterautara|karo|tigapanah,22170
sumaterautara|karo|merek,22173
sumaterautara|karo|munte,22161
sumaterautara|karo|juhar,22163
sumaterautara|karo|tigabinanga,22162
sumaterautara|karo|laubaleng,22164
sumaterautara|karo|mardingding,22165
sumaterautara|karo|payung,22154
sumaterautara|karo|simpangempat,22150
sumaterautara|karo|kutabuluh,22155
sumaterautara|karo|dolatrayat,22171
sumaterautara|karo|merdeka,22153
sumaterautara|karo|namanteran,22151
sumaterautara|karo|tiganderket,22156
sumaterautara|deliserdang|gunungmeriah,20583
sumaterautara|deliserdang|tanjungmorawa,20362
sumaterautara|deliserdang|sibolangit,20357
sumaterautara|deliserdang|kutalimbaru,20354
sumaterautara|deliserdang|pancurbatu,20353
sumaterautara|deliserdang|namorambe,20356
sumaterautara|deliserdang|sibirubiru,20358
sumaterautara|deliserdang|stmhilir,20363
sumaterautara|deliserdang|bangunpurba,20581
sumaterautara|deliserdang|galang,20585
sumaterautara|deliserdang|stmhulu,20582
sumaterautara|deliserdang|patumbak,20361
sumaterautara|deliserdang|delitua,20355
sumaterautara|deliserdang|sunggal,20351
sumaterautara|deliserdang|hamparanperak,20374
sumaterautara|deliserdang|labuhandeli,20373
sumaterautara|deliserdang|percutseituan,20371
sumaterautara|deliserdang|batangkuis,20372
sumaterautara|deliserdang|lubukpakam,20511
sumaterautara|deliserdang|pagarmerbau,20551
sumaterautara|deliserdang|pantailabu,20553
sumaterautara|deliserdang|beringin,20552
sumaterautara|simalungun|siantar,21151
sumaterautara|simalungun|gunungmalela,21175
sumaterautara|simalungun|gunungmaligas,21176
sumaterautara|simalungun|panei,21161
sumaterautara|simalungun|panombeianpane,21165
sumaterautara|simalungun|jorlanghataran,21172
sumaterautara|simalungun|rayakahean,21156
sumaterautara|simalungun|bosarmaligas,21183
sumaterautara|simalungun|sidamanik,21171
sumaterautara|simalungun|pematangsidamanik,21188
sumaterautara|simalungun|tanahjawa,21181
sumaterautara|simalungun|hatonduhan,21178
sumaterautara|simalungun|dolokpanribuan,21173
sumaterautara|simalungun|purba,21166
sumaterautara|simalungun|haranggaolhorison,21177
sumaterautara|simalungun|girsangsipanganbolon,21174
sumaterautara|simalungun|dolokbatunanggar,21155
sumaterautara|simalungun|hutabayuraja,21182
sumaterautara|simalungun|jawamarajabahjambi,21153
sumaterautara|simalungun|dolokpardamean,21163
sumaterautara|simalungun|pematangbandar,21186
sumaterautara|simalungun|bandarhuluan,21184
sumaterautara|simalungun|bandar,21162
sumaterautara|simalungun|bandarmasilam,21185
sumaterautara|simalungun|silimakuta,21169
sumaterautara|simalungun|doloksilau,21168
sumaterautara|simalungun|siloukahean,21157
sumaterautara|simalungun|tapiandolok,21154
sumaterautara|simalungun|raya,21160
sumaterautara|simalungun|ujungpadang,21187
sumaterautara|simalungun|pamatangsilimahuta,21167
sumaterautara|simalungun|dologmasagal,21164
sumaterautara|asahan|meranti,21264
sumaterautara|asahan|airjoman,21263
sumaterautara|asahan|tanjungbalai,21352
sumaterautara|asahan|seikepayang,21381
sumaterautara|asahan|simpangempat,21271
sumaterautara|asahan|airbatu,21272
sumaterautara|asahan|pulaurakyat,21278
sumaterautara|asahan|bandarpulau,21275
sumaterautara|asahan|buntupane,21261
sumaterautara|asahan|bandarpasirmandoge,21262
sumaterautara|asahan|aekkuasan,21273
sumaterautara|asahan|kisaranbarat,21211
sumaterautara|asahan|kisarantimur,21219
sumaterautara|asahan|aeksongsongan,21274
sumaterautara|asahan|rahunig,21276
sumaterautara|asahan|seidadap,21279
sumaterautara|asahan|seikepayangbarat,21382
sumaterautara|asahan|seikepayangtimur,21383
sumaterautara|asahan|tinggiraja,21261
sumaterautara|asahan|setiajanji,21260
sumaterautara|asahan|silaulaut,21267
sumaterautara|asahan|rawangpancaarga,21266
sumaterautara|asahan|pulobandring,21265
sumaterautara|asahan|telukdalam,21270
sumaterautara|asahan|aekledong,21277
sumaterautara|labuhanbatu|rantauutara,21411
sumaterautara|labuhanbatu|rantauselatan,21421
sumaterautara|labuhanbatu|bilahbarat,21411
sumaterautara|labuhanbatu|bilahhilir,21471
sumaterautara|labuhanbatu|bilahhulu,21451
sumaterautara|labuhanbatu|pangkatan,21462
sumaterautara|labuhanbatu|panaitengah,21472
sumaterautara|labuhanbatu|panaihilir,21473
sumaterautara|labuhanbatu|panaihulu,21470
sumaterautara|dairi|sidikalang,22210
sumaterautara|dairi|sumbul,22284
sumaterautara|dairi|tigalingga,22252
sumaterautara|dairi|siempatnempu,22261
sumaterautara|dairi|silimapunggapungga,22262
sumaterautara|dairi|tanahpinem,22253
sumaterautara|dairi|siempatnempuhulu,22254
sumaterautara|dairi|siempatnempuhilir,22263
sumaterautara|dairi|pegaganhilir,22283
sumaterautara|dairi|parbuluan,22282
sumaterautara|dairi|laeparira,22281
sumaterautara|dairi|gunungsitember,22250
sumaterautara|dairi|berampu,22251
sumaterautara|dairi|silahisabungan,22280
sumaterautara|dairi|sitinjo,22219
sumaterautara|toba|balige,22311
sumaterautara|toba|laguboti,22381
sumaterautara|toba|silaen,22382
sumaterautara|toba|habinsaran,22383
sumaterautara|toba|pintupohanmeranti,22384
sumaterautara|toba|borbor,22383
sumaterautara|toba|porsea,22384
sumaterautara|toba|ajibata,22386
sumaterautara|toba|lumbanjulu,22388
sumaterautara|toba|uluan,22385
sumaterautara|toba|sigumpar,22380
sumaterautara|toba|siantarnarumonda,22384
sumaterautara|toba|nassau,22383
sumaterautara|toba|tampahan,22312
sumaterautara|toba|bonatualunasi,22387
sumaterautara|toba|parmaksian,22384
sumaterautara|mandailingnatal|panyabungan,22911
sumaterautara|mandailingnatal|panyabunganutara,22979
sumaterautara|mandailingnatal|panyabungantimur,22912
sumaterautara|mandailingnatal|panyabunganselatan,22952
sumaterautara|mandailingnatal|panyabunganbarat,22911
sumaterautara|mandailingnatal|siabu,22976
sumaterautara|mandailingnatal|bukitmalintang,22977
sumaterautara|mandailingnatal|kotanopan,22994
sumaterautara|mandailingnatal|lembahsorikmarapi,22993
sumaterautara|mandailingnatal|tambangan,22996
sumaterautara|mandailingnatal|ulupungkut,22999
sumaterautara|mandailingnatal|muarasipongi,22998
sumaterautara|mandailingnatal|batangnatal,22983
sumaterautara|mandailingnatal|linggabayu,22982
sumaterautara|mandailingnatal|batahan,22988
sumaterautara|mandailingnatal|natal,22987
sumaterautara|mandailingnatal|muarabatanggadis,22989
sumaterautara|mandailingnatal|rantobaek,22984
sumaterautara|mandailingnatal|hutabargot,22978
sumaterautara|mandailingnatal|puncaksorikmarapi,22995
sumaterautara|mandailingnatal|pakantan,22997
sumaterautara|mandailingnatal|sinunukan,22986
sumaterautara|mandailingnatal|nagajuang,22975
sumaterautara|niasselatan|lolomatua,22867
sumaterautara|niasselatan|gomo,22873
sumaterautara|niasselatan|lahusa,22874
sumaterautara|niasselatan|hibala,22881
sumaterautara|niasselatan|pulaupulaubatu,22882
sumaterautara|niasselatan|telukdalam,22865
sumaterautara|niasselatan|amandraya,22866
sumaterautara|niasselatan|lolowau,22864
sumaterautara|niasselatan|susua,22873
sumaterautara|niasselatan|maniamolo,22865
sumaterautara|niasselatan|hilimegai,22864
sumaterautara|niasselatan|toma,22865
sumaterautara|niasselatan|mazino,22865
sumaterautara|niasselatan|umbunasi,22873
sumaterautara|niasselatan|aramo,22866
sumaterautara|niasselatan|pulaupulaubatutimur,22884
sumaterautara|niasselatan|mazo,22873
sumaterautara|niasselatan|fanayama,22865
sumaterautara|niasselatan|ulunoyo,22867
sumaterautara|niasselatan|huruna,22867
sumaterautara|niasselatan|oou,22864
sumaterautara|niasselatan|onohazumba,22864
sumaterautara|niasselatan|hilisalawaahe,22864
sumaterautara|niasselatan|ulususua,22866
sumaterautara|niasselatan|siduaori,22874
sumaterautara|niasselatan|somambawa,22874
sumaterautara|niasselatan|boronadu,22873
sumaterautara|niasselatan|simuk,22886
sumaterautara|niasselatan|pulaupulaubatubarat,22883
sumaterautara|niasselatan|pulaupulaubatuutara,22885
sumaterautara|niasselatan|tanahmasa,22887
sumaterautara|niasselatan|luahagundremaniamolo,22868
sumaterautara|niasselatan|onolalu,22869
sumaterautara|niasselatan|uluidanotae,22877
sumaterautara|niasselatan|idanotae,22878
sumaterautara|pakpakbharat|sitelutaliurangjehe,22275
sumaterautara|pakpakbharat|kerajaan,22271
sumaterautara|pakpakbharat|salak,22272
sumaterautara|pakpakbharat|sitelutaliurangjulu,22276
sumaterautara|pakpakbharat|pergettenggettengsengkut,22273
sumaterautara|pakpakbharat|pagindar,22270
sumaterautara|pakpakbharat|tinada,22277
sumaterautara|pakpakbharat|siempatrube,22274
sumaterautara|humbanghasundutan|parlilitan,22456
sumaterautara|humbanghasundutan|pollung,22457
sumaterautara|humbanghasundutan|baktiraja,22457
sumaterautara|humbanghasundutan|paranginan,22477
sumaterautara|humbanghasundutan|lintongnihuta,22475
sumaterautara|humbanghasundutan|doloksanggul,22457
sumaterautara|humbanghasundutan|sijamapolang,22459
sumaterautara|humbanghasundutan|onanganjang,22454
sumaterautara|humbanghasundutan|pakkat,22455
sumaterautara|humbanghasundutan|tarabintang,22451
sumaterautara|samosir|simanindo,22395
sumaterautara|samosir|onanrunggu,22398
sumaterautara|samosir|nainggolan,22394
sumaterautara|samosir|palipi,22393
sumaterautara|samosir|harian,22391
sumaterautara|samosir|sianjarmulamula,22396
sumaterautara|samosir|ronggurnihuta,22392
sumaterautara|samosir|pangururan,22390
sumaterautara|samosir|sitiotio,22397
sumaterautara|serdangbedagai|pantaicermin,20987
sumaterautara|serdangbedagai|perbaungan,20985
sumaterautara|serdangbedagai|telukmengkudu,20997
sumaterautara|serdangbedagai|seirampah,20995
sumaterautara|serdangbedagai|tanjungberingin,20996
sumaterautara|serdangbedagai|bandarkhalipah,20994
sumaterautara|serdangbedagai|dolokmerawan,20993
sumaterautara|serdangbedagai|sipispis,20992
sumaterautara|serdangbedagai|dolokmasihul,20991
sumaterautara|serdangbedagai|kotarih,20982
sumaterautara|serdangbedagai|silinda,20983
sumaterautara|serdangbedagai|serbajadi,20990
sumaterautara|serdangbedagai|tebingtinggi,20999
sumaterautara|serdangbedagai|pegajahan,20986
sumaterautara|serdangbedagai|seibamban,20995
sumaterautara|serdangbedagai|tebingsyahbandar,20998
sumaterautara|serdangbedagai|bintangbayu,20984
sumaterautara|batubara|medangderas,21258
sumaterautara|batubara|seisuka,21257
sumaterautara|batubara|airputih,21256
sumaterautara|batubara|limapuluh,21255
sumaterautara|batubara|talawi,21254
sumaterautara|batubara|tanjungtiram,21253
sumaterautara|batubara|seibalai,21252
sumaterautara|batubara|lauttador,21257
sumaterautara|batubara|limapuluhpesisir,21255
sumaterautara|batubara|datuklimapuluh,21255
sumaterautara|batubara|datuktanahdatar,21254
sumaterautara|batubara|nibunghangus,21253
sumaterautara|padanglawasutara|doloksigompulon,22757
sumaterautara|padanglawasutara|dolok,22756
sumaterautara|padanglawasutara|halongonan,22753
sumaterautara|padanglawasutara|padangbolak,22754
sumaterautara|padanglawasutara|padangbolakjulu,22753
sumaterautara|padanglawasutara|portibi,22741
sumaterautara|padanglawasutara|batangonang,22762
sumaterautara|padanglawasutara|simangambat,22747
sumaterautara|padanglawasutara|hulusihapas,22740
sumaterautara|padanglawasutara|padangbolaktenggara,22751
sumaterautara|padanglawasutara|halongonantimur,22752
sumaterautara|padanglawasutara|ujungbatu,22746
sumaterautara|padanglawas|sosopan,22761
sumaterautara|padanglawas|barumuntengah,22755
sumaterautara|padanglawas|huristak,22743
sumaterautara|padanglawas|lubukbarumun,22766
sumaterautara|padanglawas|hutarajatinggi,22776
sumaterautara|padanglawas|ulubarumun,22767
sumaterautara|padanglawas|barumun,22763
sumaterautara|padanglawas|sosa,22765
sumaterautara|padanglawas|batanglubusutam,22742
sumaterautara|padanglawas|barumunselatan,22764
sumaterautara|padanglawas|aeknabarabarumun,22755
sumaterautara|padanglawas|sihapasbarumun,22755
sumaterautara|padanglawas|barumunbaru,22763
sumaterautara|padanglawas|ulusosa,22765
sumaterautara|padanglawas|sosajulu,22765
sumaterautara|padanglawas|barumunbarat,22755
sumaterautara|padanglawas|sosatimur,22742
sumaterautara|labuhanbatuselatan|kotapinang,21464
sumaterautara|labuhanbatuselatan|kampungrakyat,21463
sumaterautara|labuhanbatuselatan|torgamba,21466
sumaterautara|labuhanbatuselatan|sungaikanan,21465
sumaterautara|labuhanbatuselatan|silangkitang,21461
sumaterautara|labuhanbatuutara|kualuhhulu,21457
sumaterautara|labuhanbatuutara|kualuhleidong,21475
sumaterautara|labuhanbatuutara|kualuhhilir,21474
sumaterautara|labuhanbatuutara|aekkuo,21455
sumaterautara|labuhanbatuutara|marbau,21452
sumaterautara|labuhanbatuutara|naixx,21454
sumaterautara|labuhanbatuutara|aeknatas,21456
sumaterautara|labuhanbatuutara|kualuhselatan,21458
sumaterautara|niasutara|lotu,22856
sumaterautara|niasutara|sawo,22852
sumaterautara|niasutara|tuhemberua,22852
sumaterautara|niasutara|sitoluori,22852
sumaterautara|niasutara|namohaluesiwa,22816
sumaterautara|niasutara|alasatalumuzoi,22814
sumaterautara|niasutara|alasa,22861
sumaterautara|niasutara|tugalaoyo,22860
sumaterautara|niasutara|afulu,22857
sumaterautara|niasutara|lahewa,22853
sumaterautara|niasutara|lahewatimur,22858
sumaterautara|niasbarat|lahomi,22864
sumaterautara|niasbarat|sirombu,22863
sumaterautara|niasbarat|mandrehebarat,22812
sumaterautara|niasbarat|moroo,22862
sumaterautara|niasbarat|mandrehe,22862
sumaterautara|niasbarat|mandreheutara,22813
sumaterautara|niasbarat|lolofitumoi,22875
sumaterautara|niasbarat|ulumoroo,22862
sumaterautara|medan|medankota,20211
sumaterautara|medan|medansunggal,20121
sumaterautara|medan|medanhelvetia,20123
sumaterautara|medan|medandenai,20226
sumaterautara|medan|medanbarat,20111
sumaterautara|medan|medandeli,20241
sumaterautara|medan|medantuntungan,20134
sumaterautara|medan|medanbelawan,20411
sumaterautara|medan|medanamplas,20147
sumaterautara|medan|medanarea,20211
sumaterautara|medan|medanjohor,20142
sumaterautara|medan|medanmarelan,20245
sumaterautara|medan|medanlabuhan,20251
sumaterautara|medan|medantembung,20221
sumaterautara|medan|medanmaimun,20151
sumaterautara|medan|medanpolonia,20152
sumaterautara|medan|medanbaru,20153
sumaterautara|medan|medanperjuangan,20232
sumaterautara|medan|medanpetisah,20112
sumaterautara|medan|medantimur,20231
sumaterautara|medan|medanselayang,20131
sumaterautara|pematangsiantar|siantartimur,21131
sumaterautara|pematangsiantar|siantarbarat,21111
sumaterautara|pematangsiantar|siantarutara,21141
sumaterautara|pematangsiantar|siantarselatan,21121
sumaterautara|pematangsiantar|siantarmarihat,21127
sumaterautara|pematangsiantar|siantarmartoba,21137
sumaterautara|pematangsiantar|siantarsitalasari,21137
sumaterautara|pematangsiantar|siantarmarimbun,21127
sumaterautara|sibolga|sibolgautara,22511
sumaterautara|sibolga|sibolgakota,22521
sumaterautara|sibolga|sibolgaselatan,22533
sumaterautara|sibolga|sibolgasambas,22531
sumaterautara|tanjungbalai|tanjungbalaiselatan,21311
sumaterautara|tanjungbalai|tanjungbalaiutara,21321
sumaterautara|tanjungbalai|seitualangraso,21341
sumaterautara|tanjungbalai|teluknibung,21331
sumaterautara|tanjungbalai|datukbandar,21361
sumaterautara|tanjungbalai|datukbandartimur,21364
sumaterautara|binjai|binjaiutara,20741
sumaterautara|binjai|binjaikota,20711
sumaterautara|binjai|binjaibarat,20716
sumaterautara|binjai|binjaitimur,20731
sumaterautara|binjai|binjaiselatan,20721
sumaterautara|tebingtinggi|padanghulu,20622
sumaterautara|tebingtinggi|rambutan,20611
sumaterautara|tebingtinggi|padanghilir,20631
sumaterautara|tebingtinggi|bajenis,20611
sumaterautara|tebingtinggi|tebingtinggikota,20613
sumaterautara|padangsidimpuan|padangsidimpuanutara,22711
sumaterautara|padangsidimpuan|padangsidimpuanselatan,22721
sumaterautara|padangsidimpuan|padangsidimpuanbatunadua,22731
sumaterautara|padangsidimpuan|padangsidimpuanhutaimbaru,22700
sumaterautara|padangsidimpuan|padangsidimpuantenggara,22730
sumaterautara|padangsidimpuan|padangsidimpuanangkolajulu,22729
sumaterautara|gunungsitoli|gunungsitoli,22810
sumaterautara|gunungsitoli|gunungsitoliselatan,22851
sumaterautara|gunungsitoli|gunungsitoliutara,22851
sumaterautara|gunungsitoli|gunungsitoliidanoi,22870
sumaterautara|gunungsitoli|gunungsitolialooa,22851
sumaterautara|gunungsitoli|gunungsitolibarat,22811
sumaterabarat|pesisirselatan|pancungsoal,25671
sumaterabarat|pesisirselatan|ranahpesisir,25666
sumaterabarat|pesisirselatan|lengayang,25663
sumaterabarat|pesisirselatan|batangkapas,25661
sumaterabarat|pesisirselatan|ivjurai,25651
sumaterabarat|pesisirselatan|bayang,25652
sumaterabarat|pesisirselatan|kotoxitarusan,25654
sumaterabarat|pesisirselatan|sutera,25662
sumaterabarat|pesisirselatan|linggosaribaganti,25668
sumaterabarat|pesisirselatan|lunang,25674
sumaterabarat|pesisirselatan|basaampekbalaitapan,25672
sumaterabarat|pesisirselatan|ivnagaribayangutara,25653
sumaterabarat|pesisirselatan|airpura,25673
sumaterabarat|pesisirselatan|ranahampekhulutapan,25670
sumaterabarat|pesisirselatan|silaut,25675
sumaterabarat|solok|pantaicermin,27373
sumaterabarat|solok|lembahgumanti,27371
sumaterabarat|solok|payungsekaki,27387
sumaterabarat|solok|lembangjaya,27384
sumaterabarat|solok|gunungtalang,27365
sumaterabarat|solok|bukitsundi,27381
sumaterabarat|solok|ixkotosungailasi,27388
sumaterabarat|solok|kubung,27361
sumaterabarat|solok|xkotosingkarak,27356
sumaterabarat|solok|xkotodiatas,27355
sumaterabarat|solok|junjungsirih,27389
sumaterabarat|solok|hilirangumanti,27372
sumaterabarat|solok|tigolurah,27374
sumaterabarat|solok|danaukembar,27383
sumaterabarat|sijunjung|tanjunggadang,27571
sumaterabarat|sijunjung|sijunjung,27554
sumaterabarat|sijunjung|ivnagari,27561
sumaterabarat|sijunjung|kamangbaru,27572
sumaterabarat|sijunjung|lubuaktarok,27553
sumaterabarat|sijunjung|kotovii,27562
sumaterabarat|sijunjung|sumpurkudus,27563
sumaterabarat|sijunjung|kupitan,27564
sumaterabarat|tanahdatar|xkoto,27151
sumaterabarat|tanahdatar|batipuh,27265
sumaterabarat|tanahdatar|rambatan,27271
sumaterabarat|tanahdatar|limakaum,27211
sumaterabarat|tanahdatar|tanjungemas,27280
sumaterabarat|tanahdatar|lintaubuo,27292
sumaterabarat|tanahdatar|sungayang,27294
sumaterabarat|tanahdatar|sungaitarab,27261
sumaterabarat|tanahdatar|pariangan,27264
sumaterabarat|tanahdatar|salimpaung,27262
sumaterabarat|tanahdatar|padangganting,27282
sumaterabarat|tanahdatar|tanjuangbaru,27281
sumaterabarat|tanahdatar|lintaubuoutara,27293
sumaterabarat|tanahdatar|batipuahselatan,27266
sumaterabarat|padangpariaman|lubukalung,25581
sumaterabarat|padangpariaman|batanganai,25586
sumaterabarat|padangpariaman|nansabaris,25571
sumaterabarat|padangpariaman|2x11enamlingkuang,25584
sumaterabarat|padangpariaman|viikotosungaisarik,25576
sumaterabarat|padangpariaman|vkotokampungdalam,25552
sumaterabarat|padangpariaman|sungaigaringging,25562
sumaterabarat|padangpariaman|sungailimau,25561
sumaterabarat|padangpariaman|ivkotoaurmalintang,25564
sumaterabarat|padangpariaman|ulakantapakih,25572
sumaterabarat|padangpariaman|sintuaktobohgadang,25582
sumaterabarat|padangpariaman|padangsago,25573
sumaterabarat|padangpariaman|batanggasan,25563
sumaterabarat|padangpariaman|vkototimur,25575
sumaterabarat|padangpariaman|2x11kayutanam,25585
sumaterabarat|padangpariaman|patamuan,25574
sumaterabarat|padangpariaman|enamlingkung,25583
sumaterabarat|agam|tanjungmutiara,26473
sumaterabarat|agam|lubukbasung,26451
sumaterabarat|agam|tanjungraya,26471
sumaterabarat|agam|matur,26162
sumaterabarat|agam|ivkoto,26160
sumaterabarat|agam|banuhampu,26181
sumaterabarat|agam|ampekangkek,26190
sumaterabarat|agam|baso,26192
sumaterabarat|agam|tilatangkamang,26153
sumaterabarat|agam|palupuh,26151
sumaterabarat|agam|pelembayan,26164
sumaterabarat|agam|sungaipua,26182
sumaterabarat|agam|ampeknagari,26161
sumaterabarat|agam|candung,26191
sumaterabarat|agam|kamangmagek,26152
sumaterabarat|agam|malalak,26163
sumaterabarat|limapuluhkota|suliki,26255
sumaterabarat|limapuluhkota|guguak,26253
sumaterabarat|limapuluhkota|payakumbuh,26251
sumaterabarat|limapuluhkota|luak,26261
sumaterabarat|limapuluhkota|harau,26271
sumaterabarat|limapuluhkota|pangkalankotobaru,26272
sumaterabarat|limapuluhkota|kapurix,26273
sumaterabarat|limapuluhkota|gunuangomeh,26256
sumaterabarat|limapuluhkota|larehsagohalaban,26262
sumaterabarat|limapuluhkota|situjuahlimonagari,26250
sumaterabarat|limapuluhkota|mungka,26254
sumaterabarat|limapuluhkota|bukikbarisan,26257
sumaterabarat|limapuluhkota|akabiluru,26252
sumaterabarat|pasaman|bonjol,26381
sumaterabarat|pasaman|lubuksikaping,26318
sumaterabarat|pasaman|panti,26351
sumaterabarat|pasaman|mapattunggul,26353
sumaterabarat|pasaman|duokoto,26311
sumaterabarat|pasaman|tigonagari,26358
sumaterabarat|pasaman|rao,26355
sumaterabarat|pasaman|mapattunggulselatan,26354
sumaterabarat|pasaman|simpangalahanmati,26382
sumaterabarat|pasaman|padanggelugur,26352
sumaterabarat|pasaman|raoutara,26357
sumaterabarat|pasaman|raoselatan,26356
sumaterabarat|kepulauanmentawai|pagaiutara,25390
sumaterabarat|kepulauanmentawai|siporaselatan,25392
sumaterabarat|kepulauanmentawai|siberutselatan,25397
sumaterabarat|kepulauanmentawai|siberututara,25395
sumaterabarat|kepulauanmentawai|siberutbarat,25394
sumaterabarat|kepulauanmentawai|siberutbaratdaya,25393
sumaterabarat|kepulauanmentawai|siberuttengah,25396
sumaterabarat|kepulauanmentawai|siporautara,25398
sumaterabarat|kepulauanmentawai|sikakap,25399
sumaterabarat|kepulauanmentawai|pagaiselatan,25391
sumaterabarat|dharmasraya|kotobaru,27681
sumaterabarat|dharmasraya|pulaupunjung,27573
sumaterabarat|dharmasraya|sungairumbai,27686
sumaterabarat|dharmasraya|sitiung,27678
sumaterabarat|dharmasraya|sembilankoto,27683
sumaterabarat|dharmasraya|timpeh,27679
sumaterabarat|dharmasraya|kotosalak,27680
sumaterabarat|dharmasraya|tiumang,27687
sumaterabarat|dharmasraya|padanglaweh,27682
sumaterabarat|dharmasraya|asamjujuhan,27684
sumaterabarat|dharmasraya|kotobesar,27685
sumaterabarat|solokselatan|sangir,27778
sumaterabarat|solokselatan|sungaipagu,27774
sumaterabarat|solokselatan|kotoparikgadangdiateh,27775
sumaterabarat|solokselatan|sangirjujuan,27773
sumaterabarat|solokselatan|sangirbatanghari,27779
sumaterabarat|solokselatan|pauhduo,27776
sumaterabarat|solokselatan|sangirbalaijanggo,27777
sumaterabarat|pasamanbarat|sungaiberemas,26573
sumaterabarat|pasamanbarat|lembahmelintang,26570
sumaterabarat|pasamanbarat|pasaman,26566
sumaterabarat|pasamanbarat|talamau,26561
sumaterabarat|pasamanbarat|kinali,26567
sumaterabarat|pasamanbarat|gunungtuleh,26571
sumaterabarat|pasamanbarat|ranahbatahan,26366
sumaterabarat|pasamanbarat|kotobalingka,26572
sumaterabarat|pasamanbarat|sungaiaur,26574
sumaterabarat|pasamanbarat|luhaknanduo,26568
sumaterabarat|pasamanbarat|sasakranahpesisir,26367
sumaterabarat|padang|padangselatan,25211
sumaterabarat|padang|padangtimur,25121
sumaterabarat|padang|padangbarat,25111
sumaterabarat|padang|padangutara,25132
sumaterabarat|padang|bungustelukkabung,25237
sumaterabarat|padang|lubukbegalung,25221
sumaterabarat|padang|lubukkilangan,25231
sumaterabarat|padang|pauh,25161
sumaterabarat|padang|kuranji,25151
sumaterabarat|padang|nanggalo,25142
sumaterabarat|padang|kototangah,25171
sumaterabarat|solok|lubuksikarah,27311
sumaterabarat|solok|tanjungharapan,27321
sumaterabarat|sawahlunto|lembahsegar,27411
sumaterabarat|sawahlunto|barangin,27421
sumaterabarat|sawahlunto|silungkang,27431
sumaterabarat|sawahlunto|talawi,27441
sumaterabarat|padangpanjang|padangpanjangtimur,27121
sumaterabarat|padangpanjang|padangpanjangbarat,27111
sumaterabarat|bukittinggi|guguakpanjang,26111
sumaterabarat|bukittinggi|mandianginkselayan,26121
sumaterabarat|bukittinggi|aurbirugotigobaleh,26131
sumaterabarat|payakumbuh|payakumbuhbarat,26221
sumaterabarat|payakumbuh|payakumbuhutara,26211
sumaterabarat|payakumbuh|payakumbuhtimur,26231
sumaterabarat|payakumbuh|lampositigonagori,26219
sumaterabarat|payakumbuh|payakumbuhselatan,26226
sumaterabarat|pariaman|pariamantengah,25511
sumaterabarat|pariaman|pariamanutara,25521
sumaterabarat|pariaman|pariamanselatan,25531
sumaterabarat|pariaman|pariamantimur,25516
riau|kampar|bangkinangkota,28411
riau|kampar|kampar,28461
riau|kampar|tambang,28468
riau|kampar|xiiikotokampar,28454
riau|kampar|kuok,28467
riau|kampar|siakhulu,28452
riau|kampar|kamparkiri,28472
riau|kampar|kamparkirihilir,28473
riau|kampar|kamparkirihulu,28474
riau|kampar|tapung,28464
riau|kampar|tapunghilir,28465
riau|kampar|tapunghulu,28466
riau|kampar|salo,28451
riau|kampar|rumbiojaya,28458
riau|kampar|bangkinang,28463
riau|kampar|perhentianraja,28462
riau|kampar|kampa,28460
riau|kampar|kamparutara,28469
riau|kampar|kamparkiritengah,28475
riau|kampar|gunungsahilan,28471
riau|kampar|kotokamparhulu,28453
riau|indragirihulu|rengat,29311
riau|indragirihulu|rengatbarat,29344
riau|indragirihulu|kelayang,29352
riau|indragirihulu|pasirpenyu,29358
riau|indragirihulu|peranap,29357
riau|indragirihulu|siberida,29371
riau|indragirihulu|batangcenaku,29355
riau|indragirihulu|batanggangsal,29356
riau|indragirihulu|lirik,29353
riau|indragirihulu|kualacenaku,29335
riau|indragirihulu|sungailala,29363
riau|indragirihulu|lubukbatujaya,29350
riau|indragirihulu|rakitkulim,29359
riau|indragirihulu|batangperanap,29354
riau|bengkalis|bengkalis,28711
riau|bengkalis|bantan,28763
riau|bengkalis|bukitbatu,28761
riau|bengkalis|mandau,28783
riau|bengkalis|rupat,28781
riau|bengkalis|rupatutara,28782
riau|bengkalis|siakkecil,28771
riau|bengkalis|pinggir,28784
riau|bengkalis|bandarlaksamana,28762
riau|bengkalis|talangmuandau,28786
riau|bengkalis|bathinsolapan,28785
riau|indragirihilir|reteh,29273
riau|indragirihilir|enok,29272
riau|indragirihilir|kualaindragiri,29280
riau|indragirihilir|tembilahan,29211
riau|indragirihilir|tempuling,29262
riau|indragirihilir|gaunganakserka,29253
riau|indragirihilir|mandah,29254
riau|indragirihilir|kateman,29255
riau|indragirihilir|keritang,29275
riau|indragirihilir|tanahmerah,29271
riau|indragirihilir|batangtuaka,29252
riau|indragirihilir|gaung,29282
riau|indragirihilir|tembilahanhulu,29213
riau|indragirihilir|kemuning,29274
riau|indragirihilir|pelangiran,29257
riau|indragirihilir|telukbelengkong,29258
riau|indragirihilir|pulauburung,29256
riau|indragirihilir|concong,29281
riau|indragirihilir|kempas,29261
riau|indragirihilir|sungaibatang,29270
riau|pelalawan|ukui,28388
riau|pelalawan|pangkalankerinci,28381
riau|pelalawan|pangkalankuras,28382
riau|pelalawan|pangkalanlesung,28387
riau|pelalawan|langgam,28380
riau|pelalawan|pelalawan,28353
riau|pelalawan|kerumutan,28352
riau|pelalawan|bunut,28386
riau|pelalawan|telukmeranti,28354
riau|pelalawan|kualakampar,28385
riau|pelalawan|bandarseikijang,28383
riau|pelalawan|bandarpetalangan,28384
riau|rokanhulu|ujungbatu,28553
riau|rokanhulu|rokanivkoto,28551
riau|rokanhulu|rambah,28560
riau|rokanhulu|tambusai,28558
riau|rokanhulu|kepenuhan,28563
riau|rokanhulu|kuntodarussalam,28556
riau|rokanhulu|rambahsamo,28565
riau|rokanhulu|rambahhilir,28561
riau|rokanhulu|tambusaiutara,28562
riau|rokanhulu|bangunpurba,28557
riau|rokanhulu|tandun,28552
riau|rokanhulu|kabun,28554
riau|rokanhulu|bonaidarussalam,28559
riau|rokanhulu|pagarantapahdarussalam,28550
riau|rokanhulu|kepenuhanhulu,28564
riau|rokanhulu|pendalianivkoto,28555
riau|rokanhilir|kubu,28991
riau|rokanhilir|bangko,28911
riau|rokanhilir|tanahputih,28985
riau|rokanhilir|rimbamelintang,28953
riau|rokanhilir|bagansinembah,28992
riau|rokanhilir|pasirlimaukapas,28995
riau|rokanhilir|sinaboi,28914
riau|rokanhilir|pujud,28983
riau|rokanhilir|tanahputihtanjungmelawan,28986
riau|rokanhilir|bangkopusako,28993
riau|rokanhilir|simpangkanan,28994
riau|rokanhilir|batuhampar,28912
riau|rokanhilir|rantaukopar,28984
riau|rokanhilir|pekaitan,28913
riau|rokanhilir|kububabussalam,28990
riau|rokanhilir|tanjungmedan,28983
riau|rokanhilir|bagansinembahraya,28992
riau|rokanhilir|balaijaya,28992
riau|siak|siak,28673
riau|siak|sungaiapit,28662
riau|siak|minas,28685
riau|siak|tualang,28772
riau|siak|sungaimandau,28674
riau|siak|dayun,28671
riau|siak|kerincikanan,28654
riau|siak|bungaraya,28764
riau|siak|kotogasib,28672
riau|siak|kandis,28686
riau|siak|lubukdalam,28655
riau|siak|sabakauh,28684
riau|siak|mempura,28773
riau|siak|pusako,28765
riau|kuantansingingi|kuantanmudik,29564
riau|kuantansingingi|kuantantengah,29511
riau|kuantansingingi|singingi,29563
riau|kuantansingingi|kuantanhilir,29561
riau|kuantansingingi|cerenti,29555
riau|kuantansingingi|benai,29566
riau|kuantansingingi|gunungtoar,29565
riau|kuantansingingi|singingihilir,29560
riau|kuantansingingi|pangean,29553
riau|kuantansingingi|logastanahdarat,29556
riau|kuantansingingi|inuman,29569
riau|kuantansingingi|hulukuantan,29568
riau|kuantansingingi|kuantanhilirseberang,29562
riau|kuantansingingi|sentajoraya,29567
riau|kuantansingingi|pucukrantau,29557
riau|kepulauanmeranti|tebingtinggi,28753
riau|kepulauanmeranti|rangsangbarat,28756
riau|kepulauanmeranti|rangsang,28755
riau|kepulauanmeranti|tebingtinggibarat,28758
riau|kepulauanmeranti|merbau,28752
riau|kepulauanmeranti|pulaumerbau,28750
riau|kepulauanmeranti|tebingtinggitimur,28754
riau|kepulauanmeranti|tasikputripuyu,28751
riau|kepulauanmeranti|rangsangpesisir,28757
riau|pekanbaru|sukajadi,28121
riau|pekanbaru|pekanbarukota,28111
riau|pekanbaru|sail,28131
riau|pekanbaru|limapuluh,28141
riau|pekanbaru|senapelan,28151
riau|pekanbaru|rumbaibarat,28261
riau|pekanbaru|bukitraya,28281
riau|pekanbaru|binawidya,28290
riau|pekanbaru|marpoyandamai,28125
riau|pekanbaru|tenayanraya,28281
riau|pekanbaru|payungsekaki,28292
riau|pekanbaru|rumbai,28261
riau|pekanbaru|tuahmadani,28291
riau|pekanbaru|kulim,28286
riau|pekanbaru|rumbaitimur,28261
riau|dumai|dumaibarat,28821
riau|dumai|dumaitimur,28811
riau|dumai|bukitkapur,28882
riau|dumai|sungaisembilan,28826
riau|dumai|medangkampai,28825
riau|dumai|dumaikota,28811
riau|dumai|dumaiselatan,28813
jambi|kerinci|gunungraya,37174
jambi|kerinci|danaukerinci,37172
jambi|kerinci|sitinjaulaut,37171
jambi|kerinci|airhangat,37168
jambi|kerinci|gunungkerinci,37162
jambi|kerinci|batangmerangin,37175
jambi|kerinci|kelilingdanau,37173
jambi|kerinci|kayuaro,37164
jambi|kerinci|airhangattimur,37167
jambi|kerinci|gunungtujuh,37163
jambi|kerinci|siulak,37160
jambi|kerinci|depatitujuh,37161
jambi|kerinci|siulakmukai,37169
jambi|kerinci|kayuarobarat,37165
jambi|kerinci|bukitkerman,37176
jambi|kerinci|airhangatbarat,37166
jambi|kerinci|tanahcogok,37171
jambi|kerinci|danaukerincibarat,37173
jambi|merangin|jangkat,37372
jambi|merangin|bangko,37311
jambi|merangin|muarasiau,37370
jambi|merangin|sungaimanau,37363
jambi|merangin|tabir,37350
jambi|merangin|pamenang,37352
jambi|merangin|tabirulu,37356
jambi|merangin|tabirselatan,37354
jambi|merangin|lembahmasurai,37373
jambi|merangin|bangkobarat,37315
jambi|merangin|nalotatan,37317
jambi|merangin|batangmasumai,37316
jambi|merangin|pamenangbarat,37318
jambi|merangin|tabirilir,37358
jambi|merangin|tabirtimur,37355
jambi|merangin|renahpembarap,37362
jambi|merangin|pangkalanjambu,37361
jambi|merangin|jangkattimur,37374
jambi|merangin|renahpamenang,37351
jambi|merangin|pamenangselatan,37319
jambi|merangin|margotabir,37359
jambi|merangin|tabirlintas,37357
jambi|merangin|tabirbarat,37356
jambi|merangin|tiangpumpung,37353
jambi|sarolangun|batangasai,37485
jambi|sarolangun|limun,37382
jambi|sarolangun|sarolangun,37481
jambi|sarolangun|pauh,37491
jambi|sarolangun|pelawan,37482
jambi|sarolangun|mandiangin,37492
jambi|sarolangun|airhitam,37490
jambi|sarolangun|bathinviii,37480
jambi|sarolangun|singkut,37483
jambi|sarolangun|cerminnangedang,37381
jambi|sarolangun|mandiangintimur,37492
jambi|batanghari|mersam,36654
jambi|batanghari|muaratembesi,36653
jambi|batanghari|muarabulian,36611
jambi|batanghari|batinxxiv,36656
jambi|batanghari|pemayung,36657
jambi|batanghari|maroseboulu,36652
jambi|batanghari|bajubang,36615
jambi|batanghari|maroseboilir,36655
jambi|muarojambi|jambiluarkota,36361
jambi|muarojambi|sekernan,36381
jambi|muarojambi|kumpeh,36371
jambi|muarojambi|marosebo,36382
jambi|muarojambi|mestong,36364
jambi|muarojambi|kumpehulu,36373
jambi|muarojambi|sungaibahar,36365
jambi|muarojambi|sungaigelam,36363
jambi|muarojambi|baharutara,36367
jambi|muarojambi|baharselatan,36366
jambi|muarojambi|tamanrajo,36383
jambi|tanjungjabungbarat|tungkalulu,36552
jambi|tanjungjabungbarat|tungkalilir,36557
jambi|tanjungjabungbarat|pengabuan,36553
jambi|tanjungjabungbarat|betara,36555
jambi|tanjungjabungbarat|merlung,36554
jambi|tanjungjabungbarat|tebingtinggi,36551
jambi|tanjungjabungbarat|batangasam,36550
jambi|tanjungjabungbarat|renahmendaluh,36559
jambi|tanjungjabungbarat|muarapapalik,36558
jambi|tanjungjabungbarat|seberangkota,36511
jambi|tanjungjabungbarat|bramitam,36514
jambi|tanjungjabungbarat|kualabetara,36556
jambi|tanjungjabungbarat|senyerang,36513
jambi|tanjungjabungtimur|muarasabaktimur,36762
jambi|tanjungjabungtimur|nipahpanjang,36771
jambi|tanjungjabungtimur|mendahara,36765
jambi|tanjungjabungtimur|rantaurasau,36772
jambi|tanjungjabungtimur|sadu,36773
jambi|tanjungjabungtimur|dendang,36763
jambi|tanjungjabungtimur|muarasabakbarat,36761
jambi|tanjungjabungtimur|kualajambi,36760
jambi|tanjungjabungtimur|mendaharaulu,36766
jambi|tanjungjabungtimur|geragai,36764
jambi|tanjungjabungtimur|berbak,36751
jambi|bungo|tanahtumbuh,37255
jambi|bungo|rantaupandan,37261
jambi|bungo|pasarmuarobungo,37214
jambi|bungo|jujuhan,37256
jambi|bungo|tanahsepenggal,37263
jambi|bungo|pelepat,37262
jambi|bungo|limburlubukmengkuang,37213
jambi|bungo|mukomukobathinvii,37216
jambi|bungo|pelepatilir,37252
jambi|bungo|batiniibabeko,37210
jambi|bungo|bathiniii,37211
jambi|bungo|bungodani,37212
jambi|bungo|rimbotengah,37215
jambi|bungo|bathiniiiulu,37260
jambi|bungo|bathiniipelayang,37254
jambi|bungo|jujuhanilir,37257
jambi|bungo|tanahsepenggallintas,37264
jambi|tebo|tebotengah,37571
jambi|tebo|teboilir,37572
jambi|tebo|teboulu,37555
jambi|tebo|rimbobujang,37551
jambi|tebo|sumay,37573
jambi|tebo|viikoto,37561
jambi|tebo|rimboulu,37553
jambi|tebo|rimboilir,37552
jambi|tebo|tengahilir,37574
jambi|tebo|seraiserumpun,37554
jambi|tebo|viikotoilir,37562
jambi|tebo|muaratabir,37570
jambi|jambi|telanaipura,36122
jambi|jambi|jambiselatan,36131
jambi|jambi|jambitimur,36141
jambi|jambi|pasarjambi,36111
jambi|jambi|pelayangan,36251
jambi|jambi|danauteluk,36261
jambi|jambi|baru,36126
jambi|jambi|jelutung,36133
jambi|jambi|alambarajo,36125
jambi|jambi|danausipin,36121
jambi|jambi|paalmerah,36139
jambi|sungaipenuh|sungaipenuh,37111
jambi|sungaipenuh|pesisirbukit,37111
jambi|sungaipenuh|hamparanrawang,37151
jambi|sungaipenuh|tanahkampung,37121
jambi|sungaipenuh|kumundebai,37111
jambi|sungaipenuh|pondoktinggi,37111
jambi|sungaipenuh|kotobaru,37152
jambi|sungaipenuh|sungaibungkal,37111
sumateraselatan|ogankomeringulu|sosohbuayrayap,32151
sumateraselatan|ogankomeringulu|pengandonan,32154
sumateraselatan|ogankomeringulu|peninjauan,32191
sumateraselatan|ogankomeringulu|baturajabarat,32121
sumateraselatan|ogankomeringulu|baturajatimur,32111
sumateraselatan|ogankomeringulu|uluogan,32157
sumateraselatan|ogankomeringulu|semidangaji,32156
sumateraselatan|ogankomeringulu|lubukbatang,32192
sumateraselatan|ogankomeringulu|lengkiti,32158
sumateraselatan|ogankomeringulu|sinarpeninjauan,32159
sumateraselatan|ogankomeringulu|lubukraja,32152
sumateraselatan|ogankomeringulu|muarajaya,32155
sumateraselatan|ogankomeringulu|kedatonpeninjauanraya,32193
sumateraselatan|ogankomeringilir|tanjunglubuk,30671
sumateraselatan|ogankomeringilir|pedamaran,30672
sumateraselatan|ogankomeringilir|mesuji,30681
sumateraselatan|ogankomeringilir|kayuagung,30611
sumateraselatan|ogankomeringilir|sirahpulaupadang,30651
sumateraselatan|ogankomeringilir|tulungselapan,30655
sumateraselatan|ogankomeringilir|pampangan,30654
sumateraselatan|ogankomeringilir|lempuing,30657
sumateraselatan|ogankomeringilir|airsugihan,30656
sumateraselatan|ogankomeringilir|sungaimenang,30684
sumateraselatan|ogankomeringilir|jejawi,30652
sumateraselatan|ogankomeringilir|cengal,30658
sumateraselatan|ogankomeringilir|pangkalanlampam,30659
sumateraselatan|ogankomeringilir|mesujimakmur,30682
sumateraselatan|ogankomeringilir|mesujiraya,30683
sumateraselatan|ogankomeringilir|lempuingjaya,30657
sumateraselatan|ogankomeringilir|telukgelam,30673
sumateraselatan|ogankomeringilir|pedamarantimur,30670
sumateraselatan|muaraenim|tanjungagung,31354
sumateraselatan|muaraenim|muaraenim,31311
sumateraselatan|muaraenim|rambangniru,31172
sumateraselatan|muaraenim|gunungmegang,31353
sumateraselatan|muaraenim|gelumbang,31170
sumateraselatan|muaraenim|lawangkidul,31711
sumateraselatan|muaraenim|semendedaratlaut,31358
sumateraselatan|muaraenim|semendedarattengah,31359
sumateraselatan|muaraenim|semendedaratulu,31355
sumateraselatan|muaraenim|ujanmas,31351
sumateraselatan|muaraenim|lubai,31173
sumateraselatan|muaraenim|rambang,31175
sumateraselatan|muaraenim|sungairotan,31357
sumateraselatan|muaraenim|lembak,31177
sumateraselatan|muaraenim|benakat,31626
sumateraselatan|muaraenim|kelekar,31176
sumateraselatan|muaraenim|muarabelida,31178
sumateraselatan|muaraenim|belimbing,31352
sumateraselatan|muaraenim|belidadarat,31171
sumateraselatan|muaraenim|lubaiulu,31174
sumateraselatan|muaraenim|empatpetulaidangku,31172
sumateraselatan|muaraenim|panangenim,31354
sumateraselatan|lahat|tanjungsaktipumu,31582
sumateraselatan|lahat|jarai,31591
sumateraselatan|lahat|agung,31462
sumateraselatan|lahat|pulaupinang,31463
sumateraselatan|lahat|merapibarat,31471
sumateraselatan|lahat|lahat,31411
sumateraselatan|lahat|pajarbulan,31356
sumateraselatan|lahat|mulakulu,31453
sumateraselatan|lahat|kikimselatan,31451
sumateraselatan|lahat|kikimtimur,31458
sumateraselatan|lahat|kikimtengah,31459
sumateraselatan|lahat|kikimbarat,31452
sumateraselatan|lahat|pseksu,31417
sumateraselatan|lahat|gumaytalang,31419
sumateraselatan|lahat|pagargunung,31460
sumateraselatan|lahat|merapitimur,31473
sumateraselatan|lahat|tanjungsaktipumi,31581
sumateraselatan|lahat|gumayulu,31461
sumateraselatan|lahat|merapiselatan,31472
sumateraselatan|lahat|tanjungtebat,31455
sumateraselatan|lahat|muarapayang,31590
sumateraselatan|lahat|sukamerindu,31350
sumateraselatan|lahat|mulaksebingkai,31454
sumateraselatan|lahat|lahatselatan,31420
sumateraselatan|musirawas|tugumulyo,31662
sumateraselatan|musirawas|muaralakitan,31666
sumateraselatan|musirawas|muarakelingi,31663
sumateraselatan|musirawas|jayaloka,31665
sumateraselatan|musirawas|muarabeliti,31661
sumateraselatan|musirawas|stluluterawas,30771
sumateraselatan|musirawas|selangit,31625
sumateraselatan|musirawas|megangsakti,31657
sumateraselatan|musirawas|purwodadi,31668
sumateraselatan|musirawas|btsulu,31652
sumateraselatan|musirawas|tiangpumpungkepungut,31660
sumateraselatan|musirawas|sumberharta,30772
sumateraselatan|musirawas|tuahnegeri,31664
sumateraselatan|musirawas|sukakarya,31665
sumateraselatan|musibanyuasin|sekayu,30711
sumateraselatan|musibanyuasin|lais,30757
sumateraselatan|musibanyuasin|sungaikeruh,30751
sumateraselatan|musibanyuasin|batangharileko,30755
sumateraselatan|musibanyuasin|sangadesa,30759
sumateraselatan|musibanyuasin|babattoman,30752
sumateraselatan|musibanyuasin|sungaililin,30750
sumateraselatan|musibanyuasin|keluang,30754
sumateraselatan|musibanyuasin|bayunglencir,30756
sumateraselatan|musibanyuasin|plakattinggi,30758
sumateraselatan|musibanyuasin|lalan,30758
sumateraselatan|musibanyuasin|tungkaljaya,30756
sumateraselatan|musibanyuasin|lawangwetan,30753
sumateraselatan|musibanyuasin|babatsupat,30755
sumateraselatan|musibanyuasin|jirakjaya,30751
sumateraselatan|banyuasin|banyuasini,30963
sumateraselatan|banyuasin|banyuasinii,30971
sumateraselatan|banyuasin|banyuasiniii,30911
sumateraselatan|banyuasin|pulaurimau,30959
sumateraselatan|banyuasin|betung,30958
sumateraselatan|banyuasin|rambutan,30967
sumateraselatan|banyuasin|muarapadang,30975
sumateraselatan|banyuasin|muaratelang,30974
sumateraselatan|banyuasin|makartijaya,30972
sumateraselatan|banyuasin|talangkelapa,30961
sumateraselatan|banyuasin|rantaubayur,30968
sumateraselatan|banyuasin|tanjunglago,30960
sumateraselatan|banyuasin|muarasugihan,30976
sumateraselatan|banyuasin|airsalek,30973
sumateraselatan|banyuasin|tungkalilir,30956
sumateraselatan|banyuasin|suaktapeh,30957
sumateraselatan|banyuasin|sembawa,30953
sumateraselatan|banyuasin|sumbermargatelang,30977
sumateraselatan|banyuasin|airkumbang,30962
sumateraselatan|banyuasin|karangagungilir,30971
sumateraselatan|banyuasin|selatpanuguan,30959
sumateraselatan|ogankomeringulutimur|martapura,32311
sumateraselatan|ogankomeringulutimur|buaymadang,32361
sumateraselatan|ogankomeringulutimur|belitang,32382
sumateraselatan|ogankomeringulutimur|cempaka,32384
sumateraselatan|ogankomeringulutimur|buaypemukapeliung,32367
sumateraselatan|ogankomeringulutimur|madangsukuii,32366
sumateraselatan|ogankomeringulutimur|madangsukui,32362
sumateraselatan|ogankomeringulutimur|semendawaisukuiii,32386
sumateraselatan|ogankomeringulutimur|belitangii,32383
sumateraselatan|ogankomeringulutimur|belitangiii,32385
sumateraselatan|ogankomeringulutimur|bungamayang,32387
sumateraselatan|ogankomeringulutimur|buaymadangtimur,32360
sumateraselatan|ogankomeringulutimur|madangsukuiii,32365
sumateraselatan|ogankomeringulutimur|semendawaibarat,32184
sumateraselatan|ogankomeringulutimur|semendawaitimur,32185
sumateraselatan|ogankomeringulutimur|jayapura,32381
sumateraselatan|ogankomeringulutimur|belitangjaya,32380
sumateraselatan|ogankomeringulutimur|belitangmadangraya,32363
sumateraselatan|ogankomeringulutimur|belitangmulya,32388
sumateraselatan|ogankomeringulutimur|buaypemukabangsaraja,32364
sumateraselatan|ogankomeringuluselatan|muaradua,32212
sumateraselatan|ogankomeringuluselatan|pulauberingin,32273
sumateraselatan|ogankomeringuluselatan|bandingagung,32274
sumateraselatan|ogankomeringuluselatan|muaraduakisam,32271
sumateraselatan|ogankomeringuluselatan|simpang,32263
sumateraselatan|ogankomeringuluselatan|buaysandangaji,32277
sumateraselatan|ogankomeringuluselatan|buayrunjung,32278
sumateraselatan|ogankomeringuluselatan|mekakauilir,32276
sumateraselatan|ogankomeringuluselatan|buaypemaca,32265
sumateraselatan|ogankomeringuluselatan|kisamtinggi,32279
sumateraselatan|ogankomeringuluselatan|kisamilir,32272
sumateraselatan|ogankomeringuluselatan|buaypematangriburanautengah,32268
sumateraselatan|ogankomeringuluselatan|warkukranauselatan,32275
sumateraselatan|ogankomeringuluselatan|runjungagung,32270
sumateraselatan|ogankomeringuluselatan|sungaiare,32267
sumateraselatan|ogankomeringuluselatan|sindangdanau,32266
sumateraselatan|ogankomeringuluselatan|buanapemaca,32264
sumateraselatan|ogankomeringuluselatan|tigadihaji,32262
sumateraselatan|ogankomeringuluselatan|buayrawan,32211
sumateraselatan|oganilir|muarakuang,30865
sumateraselatan|oganilir|tanjungbatu,30665
sumateraselatan|oganilir|tanjungraja,30663
sumateraselatan|oganilir|indralaya,30814
sumateraselatan|oganilir|pemulutan,30653
sumateraselatan|oganilir|rantaualai,30866
sumateraselatan|oganilir|indralayautara,30812
sumateraselatan|oganilir|indralayaselatan,30862
sumateraselatan|oganilir|pemulutanselatan,30653
sumateraselatan|oganilir|pemulutanbarat,30653
sumateraselatan|oganilir|rantaupanjang,30661
sumateraselatan|oganilir|sungaipinang,30662
sumateraselatan|oganilir|kandis,30867
sumateraselatan|oganilir|rambangkuang,30869
sumateraselatan|oganilir|lubukkeliat,30868
sumateraselatan|oganilir|payaraman,30664
sumateraselatan|empatlawang|muarapinang,31592
sumateraselatan|empatlawang|pendopo,31598
sumateraselatan|empatlawang|ulumusi,31597
sumateraselatan|empatlawang|tebingtinggi,31456
sumateraselatan|empatlawang|lintangkanan,31593
sumateraselatan|empatlawang|talangpadang,31596
sumateraselatan|empatlawang|pasemahairkeruh,31595
sumateraselatan|empatlawang|sikapdalam,31594
sumateraselatan|empatlawang|saling,31457
sumateraselatan|empatlawang|pendopobarat,31599
sumateraselatan|penukalabablematangilir|talangubi,31211
sumateraselatan|penukalabablematangilir|penukalutara,31317
sumateraselatan|penukalabablematangilir|penukal,31316
sumateraselatan|penukalabablematangilir|abab,31315
sumateraselatan|penukalabablematangilir|tanahabang,31314
sumateraselatan|musirawasutara|rupit,31653
sumateraselatan|musirawasutara|rawasulu,31656
sumateraselatan|musirawasutara|nibung,31667
sumateraselatan|musirawasutara|rawasilir,31655
sumateraselatan|musirawasutara|karangdapo,31658
sumateraselatan|musirawasutara|karangjaya,31654
sumateraselatan|musirawasutara|ulurawas,31669
sumateraselatan|palembang|ilirbaratii,30141
sumateraselatan|palembang|seberangului,30253
sumateraselatan|palembang|seberanguluii,30261
sumateraselatan|palembang|ilirbarati,30131
sumateraselatan|palembang|ilirtimuri,30121
sumateraselatan|palembang|ilirtimurii,30111
sumateraselatan|palembang|sukarami,30151
sumateraselatan|palembang|sako,30161
sumateraselatan|palembang|kemuning,30127
sumateraselatan|palembang|kalidoni,30114
sumateraselatan|palembang|bukitkecil,30131
sumateraselatan|palembang|gandus,30147
sumateraselatan|palembang|kertapati,30258
sumateraselatan|palembang|plaju,30266
sumateraselatan|palembang|alangalanglebar,30151
sumateraselatan|palembang|sematangborang,30161
sumateraselatan|palembang|jakabaring,30251
sumateraselatan|palembang|ilirtimurtiga,30111
sumateraselatan|pagaralam|pagaralamutara,31511
sumateraselatan|pagaralam|pagaralamselatan,31522
sumateraselatan|pagaralam|dempoutara,31510
sumateraselatan|pagaralam|demposelatan,31521
sumateraselatan|pagaralam|dempotengah,31520
sumateraselatan|lubuklinggau|lubuklinggautimuri,31628
sumateraselatan|lubuklinggau|lubuklinggaubarati,31611
sumateraselatan|lubuklinggau|lubuklinggauselatani,31629
sumateraselatan|lubuklinggau|lubuklinggauutarai,31618
sumateraselatan|lubuklinggau|lubuklinggautimurii,31621
sumateraselatan|lubuklinggau|lubuklinggaubaratii,31611
sumateraselatan|lubuklinggau|lubuklinggauselatanii,31627
sumateraselatan|lubuklinggau|lubuklinggauutaraii,31617
sumateraselatan|prabumulih|prabumulihbarat,31121
sumateraselatan|prabumulih|prabumulihtimur,31111
sumateraselatan|prabumulih|cambai,31141
sumateraselatan|prabumulih|rambangkpktengah,31131
sumateraselatan|prabumulih|prabumulihutara,31121
sumateraselatan|prabumulih|prabumulihselatan,31112
bengkulu|bengkuluselatan|kedurang,38553
bengkulu|bengkuluselatan|seginim,38552
bengkulu|bengkuluselatan|pino,38570
bengkulu|bengkuluselatan|manna,38511
bengkulu|bengkuluselatan|pinoraya,38572
bengkulu|bengkuluselatan|kedurangilir,38554
bengkulu|bengkuluselatan|airnipis,38571
bengkulu|bengkuluselatan|ulumanna,38573
bengkulu|bengkuluselatan|bungamas,38511
bengkulu|bengkuluselatan|pasarmanna,38513
bengkulu|rejanglebong|padang,39183
bengkulu|rejanglebong|padangulaktanding,39180
bengkulu|rejanglebong|sindangkelingi,39155
bengkulu|rejanglebong|curup,39111
bengkulu|rejanglebong|bermaniulu,39152
bengkulu|rejanglebong|selupurejang,39153
bengkulu|rejanglebong|curuputara,39119
bengkulu|rejanglebong|curuptimur,39115
bengkulu|rejanglebong|curupselatan,39112
bengkulu|rejanglebong|curuptengah,39113
bengkulu|rejanglebong|binduriang,39182
bengkulu|rejanglebong|sindangbelitiulu,39181
bengkulu|rejanglebong|sindangdataran,39154
bengkulu|rejanglebong|sindangbelitiilir,39184
bengkulu|rejanglebong|bermaniuluraya,39151
bengkulu|bengkuluutara|enggano,38387
bengkulu|bengkuluutara|kerkap,38379
bengkulu|bengkuluutara|argamakmur,38611
bengkulu|bengkuluutara|girimulya,38655
bengkulu|bengkuluutara|padangjaya,38657
bengkulu|bengkuluutara|lais,38654
bengkulu|bengkuluutara|batiknau,38656
bengkulu|bengkuluutara|ketahun,38361
bengkulu|bengkuluutara|napalputih,38363
bengkulu|bengkuluutara|putrihijau,38326
bengkulu|bengkuluutara|airbesi,38575
bengkulu|bengkuluutara|airnapal,38373
bengkulu|bengkuluutara|hulupalik,38374
bengkulu|bengkuluutara|airpadang,38653
bengkulu|bengkuluutara|armajaya,38611
bengkulu|bengkuluutara|tanjungagungpalik,38576
bengkulu|bengkuluutara|ulokkupai,38364
bengkulu|bengkuluutara|pinangraya,38362
bengkulu|bengkuluutara|margasaktisebelat,38325
bengkulu|kaur|kinal,38962
bengkulu|kaur|tanjungkemuning,38955
bengkulu|kaur|kaurutara,38956
bengkulu|kaur|kaurtengah,38961
bengkulu|kaur|kaurselatan,38963
bengkulu|kaur|maje,38965
bengkulu|kaur|nasal,38964
bengkulu|kaur|semidanggumay,38967
bengkulu|kaur|kelamtengah,38954
bengkulu|kaur|luas,38960
bengkulu|kaur|muarasahung,38966
bengkulu|kaur|tetap,38968
bengkulu|kaur|lungkangkule,38957
bengkulu|kaur|padanggucihilir,38958
bengkulu|kaur|padanggucihulu,38959
bengkulu|seluma|sukaraja,38877
bengkulu|seluma|seluma,38876
bengkulu|seluma|talo,38874
bengkulu|seluma|semidangalas,38873
bengkulu|seluma|semidangalasmaras,38875
bengkulu|seluma|airperiukan,38881
bengkulu|seluma|lubuksandi,38882
bengkulu|seluma|selumabarat,38883
bengkulu|seluma|selumatimur,38885
bengkulu|seluma|selumautara,38884
bengkulu|seluma|selumaselatan,38878
bengkulu|seluma|talokecil,38888
bengkulu|seluma|ulutalo,38886
bengkulu|seluma|ilirtalo,38887
bengkulu|mukomuko|lubukpinang,38756
bengkulu|mukomuko|mukomuko,38711
bengkulu|mukomuko|terasterunjam,38758
bengkulu|mukomuko|pondoksuguh,38766
bengkulu|mukomuko|ipuh,38763
bengkulu|mukomuko|malindeman,38762
bengkulu|mukomuko|airrami,38764
bengkulu|mukomuko|teramangjaya,38760
bengkulu|mukomuko|selaganraya,38769
bengkulu|mukomuko|penarik,38768
bengkulu|mukomuko|xivkoto,38755
bengkulu|mukomuko|vkoto,38757
bengkulu|mukomuko|airmajunto,38767
bengkulu|mukomuko|airdikit,38765
bengkulu|mukomuko|sungairumbai,38761
bengkulu|lebong|lebongutara,39259
bengkulu|lebong|lebongatas,39265
bengkulu|lebong|lebongtengah,39263
bengkulu|lebong|lebongselatan,39258
bengkulu|lebong|rimbopengadang,39261
bengkulu|lebong|topos,39260
bengkulu|lebong|binginkuning,39262
bengkulu|lebong|lebongsakti,39267
bengkulu|lebong|pelabai,39266
bengkulu|lebong|amen,39264
bengkulu|lebong|uramjaya,39268
bengkulu|lebong|pinangbelapis,39269
bengkulu|kepahiang|bermaniilir,39374
bengkulu|kepahiang|ujanmas,39370
bengkulu|kepahiang|tebatkarai,39373
bengkulu|kepahiang|kepahiang,39372
bengkulu|kepahiang|merigi,39371
bengkulu|kepahiang|kebawetan,39376
bengkulu|kepahiang|seberangmusi,39377
bengkulu|kepahiang|muarakemumu,39375
bengkulu|bengkulutengah|karangtinggi,38382
bengkulu|bengkulutengah|talangempat,38385
bengkulu|bengkulutengah|pondokkelapa,38371
bengkulu|bengkulutengah|pematangtiga,38370
bengkulu|bengkulutengah|pagarjati,38381
bengkulu|bengkulutengah|tabapenanjung,38388
bengkulu|bengkulutengah|merigikelindang,38386
bengkulu|bengkulutengah|merigisakti,38383
bengkulu|bengkulutengah|pondokkubang,38375
bengkulu|bengkulutengah|banghaji,38372
bengkulu|bengkulutengah|semidanglagan,38382
bengkulu|bengkulu|selebar,38211
bengkulu|bengkulu|gadingcempaka,38221
bengkulu|bengkulu|teluksegara,38113
bengkulu|bengkulu|muarabangkahulu,38121
bengkulu|bengkulu|kampungmelayu,38215
bengkulu|bengkulu|ratuagung,38223
bengkulu|bengkulu|ratusamban,38221
bengkulu|bengkulu|sungaiserut,38119
bengkulu|bengkulu|singaranpati,38221
lampung|lampungselatan|natar,35362
lampung|lampungselatan|tanjungbintang,35361
lampung|lampungselatan|kalianda,35551
lampung|lampungselatan|sidomulyo,35352
lampung|lampungselatan|katibung,35452
lampung|lampungselatan|penengahan,35593
lampung|lampungselatan|palas,35594
lampung|lampungselatan|jatiagung,35365
lampung|lampungselatan|ketapang,35596
lampung|lampungselatan|sragi,35597
lampung|lampungselatan|rajabasa,35552
lampung|lampungselatan|candipuro,35356
lampung|lampungselatan|merbaumataram,35357
lampung|lampungselatan|bakauheni,35592
lampung|lampungselatan|tanjungsari,35360
lampung|lampungselatan|waysulan,35456
lampung|lampungselatan|waypanji,35354
lampung|lampungtengah|kalirejo,34174
lampung|lampungtengah|bangunrejo,34173
lampung|lampungtengah|padangratu,34175
lampung|lampungtengah|gunungsugih,34165
lampung|lampungtengah|trimurjo,34171
lampung|lampungtengah|punggur,34152
lampung|lampungtengah|terbanggibesar,34163
lampung|lampungtengah|seputihraman,34155
lampung|lampungtengah|rumbia,34154
lampung|lampungtengah|seputihbanyak,34156
lampung|lampungtengah|seputihmataram,34164
lampung|lampungtengah|seputihsurabaya,34158
lampung|lampungtengah|terusannunyai,34167
lampung|lampungtengah|bumiratunuban,34160
lampung|lampungtengah|bekri,34162
lampung|lampungtengah|seputihagung,34166
lampung|lampungtengah|waypangubuan,35213
lampung|lampungtengah|bandarmataram,34169
lampung|lampungtengah|pubian,34176
lampung|lampungtengah|selagailingga,34177
lampung|lampungtengah|anaktuha,34161
lampung|lampungtengah|sendangagung,34178
lampung|lampungtengah|gajah,34153
lampung|lampungtengah|buminabung,34168
lampung|lampungtengah|wayseputih,34179
lampung|lampungtengah|bandarsurabaya,34159
lampung|lampungtengah|anakratuaji,35513
lampung|lampungtengah|putrarumbia,34157
lampung|lampungutara|bukitkemuning,34564
lampung|lampungutara|kotabumi,34511
lampung|lampungutara|sungkaiselatan,34554
lampung|lampungutara|tanjungraja,34557
lampung|lampungutara|abungtimur,34583
lampung|lampungutara|abungbarat,34558
lampung|lampungutara|abungselatan,34581
lampung|lampungutara|sungkaiutara,34563
lampung|lampungutara|kotabumiutara,34511
lampung|lampungutara|kotabumiselatan,34511
lampung|lampungutara|abungtengah,34584
lampung|lampungutara|abungtinggi,34556
lampung|lampungutara|abungsemuli,34580
lampung|lampungutara|abungsurakarta,34585
lampung|lampungutara|muarasungkai,34559
lampung|lampungutara|bungamayang,34555
lampung|lampungutara|hulusungkai,34561
lampung|lampungutara|sungkaitengah,34562
lampung|lampungutara|abungpekurun,34582
lampung|lampungutara|sungkaijaya,34553
lampung|lampungutara|sungkaibarat,34552
lampung|lampungutara|abungkunang,34565
lampung|lampungutara|blambanganpagar,34586
lampung|lampungbarat|balikbukit,34811
lampung|lampungbarat|sumberjaya,34870
lampung|lampungbarat|belalau,34873
lampung|lampungbarat|waytenong,34884
lampung|lampungbarat|sekincau,34886
lampung|lampungbarat|suoh,34880
lampung|lampungbarat|batubrak,34881
lampung|lampungbarat|sukau,34868
lampung|lampungbarat|gedungsurian,34871
lampung|lampungbarat|kebuntebu,34867
lampung|lampungbarat|airhitam,34866
lampung|lampungbarat|pagardewa,34885
lampung|lampungbarat|batuketulis,34872
lampung|lampungbarat|lumbokseminung,34879
lampung|lampungbarat|bandarnegerisuoh,34882
lampung|tulangbawang|menggala,34611
lampung|tulangbawang|gedungaji,34681
lampung|tulangbawang|banjaragung,34682
lampung|tulangbawang|gedungmeneng,34597
lampung|tulangbawang|rawajituselatan,34591
lampung|tulangbawang|penawartama,34593
lampung|tulangbawang|rawajitutimur,34590
lampung|tulangbawang|banjarmargo,34684
lampung|tulangbawang|rawapitu,34594
lampung|tulangbawang|penawaraji,34592
lampung|tulangbawang|denteteladas,34596
lampung|tulangbawang|meraksaaji,34680
lampung|tulangbawang|gedungajibaru,34595
lampung|tulangbawang|banjarbaru,34685
lampung|tulangbawang|menggalatimur,34615
lampung|tanggamus|agung,35381
lampung|tanggamus|talangpadang,35377
lampung|tanggamus|wonosobo,35685
lampung|tanggamus|pulaupanggung,35678
lampung|tanggamus|cukuhbalak,35683
lampung|tanggamus|pugung,35675
lampung|tanggamus|semaka,35386
lampung|tanggamus|sumberrejo,35374
lampung|tanggamus|ulubelu,35387
lampung|tanggamus|pematangsawa,35382
lampung|tanggamus|klumbayan,35388
lampung|tanggamus|agungbarat,35384
lampung|tanggamus|agungtimur,35383
lampung|tanggamus|gisting,35378
lampung|tanggamus|gunungalip,35379
lampung|tanggamus|limau,35613
lampung|tanggamus|bandarnegerisemuong,35686
lampung|tanggamus|airnaningan,35679
lampung|tanggamus|bulok,35682
lampung|tanggamus|klumbayanbarat,35389
lampung|lampungtimur|sukadana,34194
lampung|lampungtimur|labuhanmaringgai,34198
lampung|lampungtimur|jabung,34384
lampung|lampungtimur|pekalongan,34391
lampung|lampungtimur|sekampung,34382
lampung|lampungtimur|batanghari,34381
lampung|lampungtimur|wayjepara,34396
lampung|lampungtimur|purbolinggo,34192
lampung|lampungtimur|ramanutara,34371
lampung|lampungtimur|metrokibang,34331
lampung|lampungtimur|margatiga,34386
lampung|lampungtimur|sekampungudik,34385
lampung|lampungtimur|batangharinuban,34372
lampung|lampungtimur|bumiagung,34182
lampung|lampungtimur|bandarsribhawono,34389
lampung|lampungtimur|matarambaru,34199
lampung|lampungtimur|melinting,34377
lampung|lampungtimur|gunungpelindung,34388
lampung|lampungtimur|pasirsakti,34387
lampung|lampungtimur|wawaykarya,34376
lampung|lampungtimur|labuhanratu,34375
lampung|lampungtimur|brajaselebah,34196
lampung|lampungtimur|waybungur,34373
lampung|lampungtimur|margasekampung,34383
lampung|waykanan|blambanganumpu,34764
lampung|waykanan|kasui,34765
lampung|waykanan|banjit,34766
lampung|waykanan|baradatu,34761
lampung|waykanan|bahuga,34763
lampung|waykanan|pakuanratu,34762
lampung|waykanan|negeriagung,34773
lampung|waykanan|waytuba,34772
lampung|waykanan|rebangtangkas,34771
lampung|waykanan|gununglabuhan,34768
lampung|waykanan|negarabatin,34769
lampung|waykanan|negeribesar,34774
lampung|waykanan|buaybahuga,34767
lampung|waykanan|bumiagung,34760
lampung|waykanan|umpusemenguk,34764
lampung|pesawaran|gedongtataan,35366
lampung|pesawaran|negerikaton,35353
lampung|pesawaran|tegineneng,35363
lampung|pesawaran|waylima,35367
lampung|pesawaran|padangcermin,35451
lampung|pesawaran|punduhpidada,35454
lampung|pesawaran|kedondong,35368
lampung|pesawaran|margapunduh,35453
lampung|pesawaran|waykhilau,35368
lampung|pesawaran|telukpandan,35450
lampung|pesawaran|wayratai,35455
lampung|pringsewu|pringsewu,35371
lampung|pringsewu|gadingrejo,35372
lampung|pringsewu|ambarawa,35376
lampung|pringsewu|pardasuka,35681
lampung|pringsewu|pagelaran,35375
lampung|pringsewu|banyumas,35373
lampung|pringsewu|adiluwih,35674
lampung|pringsewu|sukoharjo,35673
lampung|pringsewu|pagelaranutara,35370
lampung|mesuji|mesuji,34697
lampung|mesuji|mesujitimur,34695
lampung|mesuji|rawajituutara,34696
lampung|mesuji|wayserdang,34694
lampung|mesuji|simpangpematang,34699
lampung|mesuji|pancajaya,34698
lampung|mesuji|tanjungraya,34692
lampung|tulangbawangbarat|tulangbawangtengah,34793
lampung|tulangbawangbarat|tumijajar,34794
lampung|tulangbawangbarat|tulangbawangudik,34791
lampung|tulangbawangbarat|gunungterang,34784
lampung|tulangbawangbarat|gunungagung,34783
lampung|tulangbawangbarat|waykenanga,34788
lampung|tulangbawangbarat|lambukibang,34787
lampung|tulangbawangbarat|pagardewa,34792
lampung|tulangbawangbarat|batuputih,34785
lampung|pesisirbarat|pesisirtengah,34894
lampung|pesisirbarat|pesisirselatan,34875
lampung|pesisirbarat|lemong,34877
lampung|pesisirbarat|pesisirutara,34876
lampung|pesisirbarat|karyapenggawa,34878
lampung|pesisirbarat|pulaupisang,34896
lampung|pesisirbarat|waykrui,34898
lampung|pesisirbarat|kruiselatan,34874
lampung|pesisirbarat|ngambur,34883
lampung|pesisirbarat|ngaras,34888
lampung|pesisirbarat|bangkunat,34887
lampung|bandarlampung|kedaton,35112
lampung|bandarlampung|sukarame,35131
lampung|bandarlampung|tanjungkarangbarat,35151
lampung|bandarlampung|panjang,35241
lampung|bandarlampung|tanjungkarangtimur,35121
lampung|bandarlampung|tanjungkarangpusat,35111
lampung|bandarlampung|telukbetungselatan,35211
lampung|bandarlampung|telukbetungbarat,35232
lampung|bandarlampung|telukbetungutara,35211
lampung|bandarlampung|rajabasa,35144
lampung|bandarlampung|tanjungsenang,35141
lampung|bandarlampung|sukabumi,35122
lampung|bandarlampung|kemiling,35153
lampung|bandarlampung|labuhanratu,35142
lampung|bandarlampung|wayhalim,35123
lampung|bandarlampung|langkapura,35152
lampung|bandarlampung|enggal,35111
lampung|bandarlampung|kedamaian,35122
lampung|bandarlampung|telukbetungtimur,35231
lampung|bandarlampung|bumiwaras,35224
lampung|metro|metropusat,34111
lampung|metro|metroutara,34117
lampung|metro|metrobarat,34114
lampung|metro|metrotimur,34111
lampung|metro|metroselatan,34119
kepulauanbangkabelitung|bangka|sungailiat,33211
kepulauanbangkabelitung|bangka|belinyu,33253
kepulauanbangkabelitung|bangka|merawang,33172
kepulauanbangkabelitung|bangka|mendobarat,33173
kepulauanbangkabelitung|bangka|pemali,33251
kepulauanbangkabelitung|bangka|bakam,33252
kepulauanbangkabelitung|bangka|riausilip,33254
kepulauanbangkabelitung|bangka|pudingbesar,33179
kepulauanbangkabelitung|belitung|tanjungpandan,33411
kepulauanbangkabelitung|belitung|membalong,33452
kepulauanbangkabelitung|belitung|selatnasik,33481
kepulauanbangkabelitung|belitung|sijuk,33414
kepulauanbangkabelitung|belitung|badau,33451
kepulauanbangkabelitung|bangkaselatan|toboali,33783
kepulauanbangkabelitung|bangkaselatan|leparpongok,33792
kepulauanbangkabelitung|bangkaselatan|airgegas,33782
kepulauanbangkabelitung|bangkaselatan|simpangrimba,33777
kepulauanbangkabelitung|bangkaselatan|payung,33778
kepulauanbangkabelitung|bangkaselatan|tukaksadai,33784
kepulauanbangkabelitung|bangkaselatan|pulaubesar,33779
kepulauanbangkabelitung|bangkaselatan|kepulauanpongok,33791
kepulauanbangkabelitung|bangkatengah|koba,33681
kepulauanbangkabelitung|bangkatengah|pangkalanbaru,33684
kepulauanbangkabelitung|bangkatengah|sungaiselan,33675
kepulauanbangkabelitung|bangkatengah|simpangkatis,33674
kepulauanbangkabelitung|bangkatengah|namang,33683
kepulauanbangkabelitung|bangkatengah|lubukbesar,33682
kepulauanbangkabelitung|bangkabarat|mentok,33311
kepulauanbangkabelitung|bangkabarat|simpangteritip,33366
kepulauanbangkabelitung|bangkabarat|jebus,33362
kepulauanbangkabelitung|bangkabarat|kelapa,33364
kepulauanbangkabelitung|bangkabarat|tempilang,33365
kepulauanbangkabelitung|bangkabarat|parittiga,33363
kepulauanbangkabelitung|belitungtimur|manggar,33511
kepulauanbangkabelitung|belitungtimur|gantung,33562
kepulauanbangkabelitung|belitungtimur|dendang,33561
kepulauanbangkabelitung|belitungtimur|kelapakampit,33572
kepulauanbangkabelitung|belitungtimur|damar,33513
kepulauanbangkabelitung|belitungtimur|simpangrenggiang,33563
kepulauanbangkabelitung|belitungtimur|simpangpesak,33560
kepulauanbangkabelitung|pangkalpinang|bukitintan,33147
kepulauanbangkabelitung|pangkalpinang|tamansari,33121
kepulauanbangkabelitung|pangkalpinang|pangkalbalam,33111
kepulauanbangkabelitung|pangkalpinang|rangkui,33132
kepulauanbangkabelitung|pangkalpinang|gerunggang,33123
kepulauanbangkabelitung|pangkalpinang|gabek,33111
kepulauanbangkabelitung|pangkalpinang|girimaya,33141
kepulauanriau|bintan|gunungkijang,29155
kepulauanriau|bintan|bintantimur,29150
kepulauanriau|bintan|bintanutara,29152
kepulauanriau|bintan|telukbintan,29132
kepulauanriau|bintan|tambelan,29193
kepulauanriau|bintan|teloksebong,29154
kepulauanriau|bintan|toapaya,29157
kepulauanriau|bintan|mantang,29156
kepulauanriau|bintan|bintanpesisir,29151
kepulauanriau|bintan|serikualalobam,29153
kepulauanriau|karimun|moro,29663
kepulauanriau|karimun|kundur,29662
kepulauanriau|karimun|karimun,29661
kepulauanriau|karimun|meral,29666
kepulauanriau|karimun|tebing,29668
kepulauanriau|karimun|buru,29664
kepulauanriau|karimun|kundurutara,29662
kepulauanriau|karimun|kundurbarat,29662
kepulauanriau|karimun|durai,29665
kepulauanriau|karimun|meralbarat,29667
kepulauanriau|karimun|ungar,29669
kepulauanriau|karimun|belat,29660
kepulauanriau|karimun|selatgelam,29661
kepulauanriau|karimun|sugiebesar,29663
kepulauanriau|natuna|midai,29784
kepulauanriau|natuna|bunguranbarat,29782
kepulauanriau|natuna|serasan,29781
kepulauanriau|natuna|bungurantimur,29777
kepulauanriau|natuna|bunguranutara,29775
kepulauanriau|natuna|subi,29779
kepulauanriau|natuna|pulaulaut,29789
kepulauanriau|natuna|pulautiga,29788
kepulauanriau|natuna|bungurantimurlaut,29776
kepulauanriau|natuna|bungurantengah,29778
kepulauanriau|natuna|bunguranselatan,29783
kepulauanriau|natuna|serasantimur,29780
kepulauanriau|natuna|bunguranbatubi,29787
kepulauanriau|natuna|pulautigabarat,29786
kepulauanriau|natuna|suakmidai,29785
kepulauanriau|natuna|pulaupanjang,29779
kepulauanriau|natuna|pulauseluan,29775
kepulauanriau|lingga|singkep,29871
kepulauanriau|lingga|lingga,29872
kepulauanriau|lingga|senayang,29873
kepulauanriau|lingga|singkepbarat,29875
kepulauanriau|lingga|linggautara,29874
kepulauanriau|lingga|singkeppesisir,29870
kepulauanriau|lingga|linggatimur,29872
kepulauanriau|lingga|selayar,29877
kepulauanriau|lingga|singkepselatan,29878
kepulauanriau|lingga|kepulauanposek,29876
kepulauanriau|lingga|katangbidare,29873
kepulauanriau|lingga|temiangpesisir,29873
kepulauanriau|lingga|bakungserumpun,29873
kepulauanriau|kepulauananambas|siantan,29791
kepulauanriau|kepulauananambas|palmatak,29796
kepulauanriau|kepulauananambas|siantantimur,29794
kepulauanriau|kepulauananambas|siantanselatan,29790
kepulauanriau|kepulauananambas|jemajatimur,29793
kepulauanriau|kepulauananambas|jemaja,29792
kepulauanriau|kepulauananambas|siantantengah,29795
kepulauanriau|kepulauananambas|siantanutara,29796
kepulauanriau|kepulauananambas|jemajabarat,29792
kepulauanriau|kepulauananambas|kutesiantan,29796
kepulauanriau|batam|belakangpadang,29412
kepulauanriau|batam|batuampar,29452
kepulauanriau|batam|sekupang,29425
kepulauanriau|batam|nongsa,29465
kepulauanriau|batam|bulang,29471
kepulauanriau|batam|lubukbaja,29432
kepulauanriau|batam|seibeduk,29433
kepulauanriau|batam|galang,29481
kepulauanriau|batam|bengkong,29432
kepulauanriau|batam|batamkota,29431
kepulauanriau|batam|sagulung,29439
kepulauanriau|batam|batuaji,29422
kepulauanriau|tanjungpinang|tanjungpinangbarat,29111
kepulauanriau|tanjungpinang|tanjungpinangtimur,29122
kepulauanriau|tanjungpinang|tanjungpinangkota,29111
kepulauanriau|tanjungpinang|bukitbestari,29122
dkijakarta|administrasikepulauanseribu|kepulauanseribuutara,14530
dkijakarta|administrasikepulauanseribu|kepulauanseribuselatan,14510
dkijakarta|administrasijakartapusat|gambir,10110
dkijakarta|administrasijakartapusat|sawahbesar,10710
dkijakarta|administrasijakartapusat|kemayoran,10610
dkijakarta|administrasijakartapusat|senen,10410
dkijakarta|administrasijakartapusat|cempakaputih,10510
dkijakarta|administrasijakartapusat|menteng,10310
dkijakarta|administrasijakartapusat|tanahabang,10210
dkijakarta|administrasijakartapusat|joharbaru,10530
dkijakarta|administrasijakartautara|penjaringan,14440
dkijakarta|administrasijakartautara|tanjungpriok,14310
dkijakarta|administrasijakartautara|koja,14210
dkijakarta|administrasijakartautara|cilincing,14110
dkijakarta|administrasijakartautara|pademangan,14410
dkijakarta|administrasijakartautara|kelapagading,14240
dkijakarta|administrasijakartabarat|cengkareng,11710
dkijakarta|administrasijakartabarat|grogolpetamburan,11440
dkijakarta|administrasijakartabarat|tamansari,11110
dkijakarta|administrasijakartabarat|tambora,11210
dkijakarta|administrasijakartabarat|kebonjeruk,11510
dkijakarta|administrasijakartabarat|kalideres,11810
dkijakarta|administrasijakartabarat|palmerah,11410
dkijakarta|administrasijakartabarat|kembangan,11610
dkijakarta|administrasijakartaselatan|tebet,12810
dkijakarta|administrasijakartaselatan|setiabudi,12910
dkijakarta|administrasijakartaselatan|mampangprapatan,12710
dkijakarta|administrasijakartaselatan|pasarminggu,12510
dkijakarta|administrasijakartaselatan|kebayoranlama,12210
dkijakarta|administrasijakartaselatan|cilandak,12410
dkijakarta|administrasijakartaselatan|kebayoranbaru,12110
dkijakarta|administrasijakartaselatan|pancoran,12740
dkijakarta|administrasijakartaselatan|jagakarsa,12530
dkijakarta|administrasijakartaselatan|pesanggrahan,12250
dkijakarta|administrasijakartatimur|matraman,13110
dkijakarta|administrasijakartatimur|pulogadung,13210
dkijakarta|administrasijakartatimur|jatinegara,13310
dkijakarta|administrasijakartatimur|kramatjati,13510
dkijakarta|administrasijakartatimur|pasarrebo,13710
dkijakarta|administrasijakartatimur|cakung,13910
dkijakarta|administrasijakartatimur|durensawit,13430
dkijakarta|administrasijakartatimur|makasar,13560
dkijakarta|administrasijakartatimur|ciracas,13720
dkijakarta|administrasijakartatimur|cipayung,13810
jawabarat|bogor|cibinong,16911
jawabarat|bogor|gunungputri,16960
jawabarat|bogor|citeureup,16811
jawabarat|bogor|sukaraja,16711
jawabarat|bogor|babakanmadang,16810
jawabarat|bogor|jonggol,16830
jawabarat|bogor|cileungsi,16820
jawabarat|bogor|cariu,16840
jawabarat|bogor|sukamakmur,16831
jawabarat|bogor|parung,16330
jawabarat|bogor|gunungsindur,16340
jawabarat|bogor|kemang,16310
jawabarat|bogor|bojonggede,16920
jawabarat|bogor|leuwiliang,16640
jawabarat|bogor|ciampea,16620
jawabarat|bogor|cibungbulang,16630
jawabarat|bogor|pamijahan,16812
jawabarat|bogor|rumpin,16350
jawabarat|bogor|jasinga,16670
jawabarat|bogor|parungpanjang,16360
jawabarat|bogor|nanggung,16650
jawabarat|bogor|cigudeg,16660
jawabarat|bogor|tenjo,16370
jawabarat|bogor|ciawi,16720
jawabarat|bogor|cisarua,16750
jawabarat|bogor|megamendung,16770
jawabarat|bogor|caringin,16730
jawabarat|bogor|cijeruk,16740
jawabarat|bogor|ciomas,16610
jawabarat|bogor|dramaga,16680
jawabarat|bogor|tamansari,16611
jawabarat|bogor|klapanunggal,16710
jawabarat|bogor|ciseeng,16120
jawabarat|bogor|rancabungur,16311
jawabarat|bogor|sukajaya,16661
jawabarat|bogor|tanjungsari,16841
jawabarat|bogor|tajurhalang,16320
jawabarat|bogor|cigombong,16110
jawabarat|bogor|leuwisadeng,16641
jawabarat|bogor|tenjolaya,16371
jawabarat|sukabumi|palabuhanratu,43364
jawabarat|sukabumi|simpenan,43361
jawabarat|sukabumi|cikakak,43365
jawabarat|sukabumi|bantargadung,43363
jawabarat|sukabumi|cisolok,43366
jawabarat|sukabumi|cikidang,43367
jawabarat|sukabumi|lengkong,43174
jawabarat|sukabumi|jampangtengah,43171
jawabarat|sukabumi|warungkiara,43362
jawabarat|sukabumi|cikembar,43157
jawabarat|sukabumi|cibadak,43351
jawabarat|sukabumi|nagrak,43352
jawabarat|sukabumi|parungkuda,43357
jawabarat|sukabumi|bojonggenteng,43353
jawabarat|sukabumi|parakansalak,43355
jawabarat|sukabumi|cicurug,43359
jawabarat|sukabumi|cidahu,43358
jawabarat|sukabumi|kalapanunggal,43354
jawabarat|sukabumi|kabandungan,43368
jawabarat|sukabumi|waluran,43175
jawabarat|sukabumi|jampangkulon,43170
jawabarat|sukabumi|ciemas,43177
jawabarat|sukabumi|kalibunder,43185
jawabarat|sukabumi|surade,43179
jawabarat|sukabumi|cibitung,43172
jawabarat|sukabumi|ciracap,43176
jawabarat|sukabumi|gunungguruh,43156
jawabarat|sukabumi|cicantayan,43155
jawabarat|sukabumi|cisaat,43132
jawabarat|sukabumi|kadudampit,43153
jawabarat|sukabumi|caringin,43154
jawabarat|sukabumi|sukabumi,43151
jawabarat|sukabumi|sukaraja,43192
jawabarat|sukabumi|kebonpedes,43194
jawabarat|sukabumi|cireunghas,43193
jawabarat|sukabumi|sukalarang,43191
jawabarat|sukabumi|pabuaran,43173
jawabarat|sukabumi|purabaya,43187
jawabarat|sukabumi|nyalindung,43196
jawabarat|sukabumi|gegerbitung,43154
jawabarat|sukabumi|sagaranten,43181
jawabarat|sukabumi|curugkembar,43182
jawabarat|sukabumi|cidolog,43184
jawabarat|sukabumi|cidadap,43183
jawabarat|sukabumi|tegalbuleud,43186
jawabarat|sukabumi|cimanggu,43178
jawabarat|sukabumi|ciambar,43356
jawabarat|cianjur|cianjur,43211
jawabarat|cianjur|warungkondang,43260
jawabarat|cianjur|cibeber,43262
jawabarat|cianjur|cilaku,43285
jawabarat|cianjur|ciranjang,43282
jawabarat|cianjur|bojongpicung,43283
jawabarat|cianjur|karangtengah,43281
jawabarat|cianjur|mande,43292
jawabarat|cianjur|sukaluyu,43287
jawabarat|cianjur|pacet,43253
jawabarat|cianjur|cugenang,43252
jawabarat|cianjur|cikalongkulon,43291
jawabarat|cianjur|sukaresmi,43254
jawabarat|cianjur|sukanagara,43264
jawabarat|cianjur|campaka,43263
jawabarat|cianjur|takokak,43265
jawabarat|cianjur|kadupandak,43268
jawabarat|cianjur|pagelaran,43266
jawabarat|cianjur|tanggeung,43267
jawabarat|cianjur|cibinong,43271
jawabarat|cianjur|sindangbarang,43272
jawabarat|cianjur|agrabinta,43276
jawabarat|cianjur|cidaun,43275
jawabarat|cianjur|naringgul,43274
jawabarat|cianjur|campakamulya,43269
jawabarat|cianjur|cikadu,43286
jawabarat|cianjur|gekbrong,43261
jawabarat|cianjur|cipanas,43253
jawabarat|cianjur|cijati,43284
jawabarat|cianjur|leles,43273
jawabarat|cianjur|haurwangi,43280
jawabarat|cianjur|pasirkuda,43266
jawabarat|bandung|cileunyi,40621
jawabarat|bandung|cimenyan,40191
jawabarat|bandung|cilengkrang,40615
jawabarat|bandung|bojongsoang,40287
jawabarat|bandung|margahayu,40225
jawabarat|bandung|margaasih,40214
jawabarat|bandung|katapang,40921
jawabarat|bandung|dayeuhkolot,40238
jawabarat|bandung|banjaran,40377
jawabarat|bandung|pameungpeuk,40376
jawabarat|bandung|pangalengan,40378
jawabarat|bandung|arjasari,40379
jawabarat|bandung|cimaung,40374
jawabarat|bandung|cicalengka,40395
jawabarat|bandung|nagreg,40215
jawabarat|bandung|cikancung,40396
jawabarat|bandung|rancaekek,40394
jawabarat|bandung|ciparay,40381
jawabarat|bandung|pacet,40385
jawabarat|bandung|kertasari,40386
jawabarat|bandung|baleendah,40258
jawabarat|bandung|majalaya,40382
jawabarat|bandung|solokanjeruk,40375
jawabarat|bandung|paseh,40383
jawabarat|bandung|ibun,40384
jawabarat|bandung|soreang,40911
jawabarat|bandung|pasirjambu,40972
jawabarat|bandung|ciwidey,40973
jawabarat|bandung|rancabali,40974
jawabarat|bandung|cangkuang,40238
jawabarat|bandung|kutawaringin,40911
jawabarat|garut|garutkota,44111
jawabarat|garut|karangpawitan,44182
jawabarat|garut|wanaraja,44180
jawabarat|garut|tarogongkaler,44151
jawabarat|garut|tarogongkidul,44150
jawabarat|garut|banyuresmi,44191
jawabarat|garut|samarang,44160
jawabarat|garut|pasirwangi,44161
jawabarat|garut|leles,44119
jawabarat|garut|kadungora,44153
jawabarat|garut|leuwigoong,44192
jawabarat|garut|cibatu,44185
jawabarat|garut|kersamanah,44189
jawabarat|garut|malangbong,44188
jawabarat|garut|sukawening,44179
jawabarat|garut|karangtengah,44184
jawabarat|garut|bayongbong,44162
jawabarat|garut|cigedug,44116
jawabarat|garut|cilawu,44181
jawabarat|garut|cisurupan,44163
jawabarat|garut|sukaresmi,44154
jawabarat|garut|cikajang,44171
jawabarat|garut|banjarwangi,44172
jawabarat|garut|singajaya,44170
jawabarat|garut|cihurip,44173
jawabarat|garut|peundeuy,44178
jawabarat|garut|pameungpeuk,44175
jawabarat|garut|cisompet,44174
jawabarat|garut|cibalong,44176
jawabarat|garut|cikelet,44177
jawabarat|garut|bungbulang,44165
jawabarat|garut|mekarmukti,44155
jawabarat|garut|pakenjeng,44164
jawabarat|garut|pamulihan,44168
jawabarat|garut|cisewu,44169
jawabarat|garut|caringin,44166
jawabarat|garut|talegong,44167
jawabarat|garut|limbangan,44186
jawabarat|garut|selaawi,44187
jawabarat|garut|cibiuk,44193
jawabarat|garut|pangatikan,44183
jawabarat|garut|sucinaraja,44115
jawabarat|tasikmalaya|cipatujah,46187
jawabarat|tasikmalaya|karangnunggal,46186
jawabarat|tasikmalaya|cikalong,46195
jawabarat|tasikmalaya|pancatengah,46194
jawabarat|tasikmalaya|cikatomas,46193
jawabarat|tasikmalaya|cibalong,46185
jawabarat|tasikmalaya|parungponteng,46189
jawabarat|tasikmalaya|bantarkalong,46168
jawabarat|tasikmalaya|bojongasih,46475
jawabarat|tasikmalaya|culamega,46188
jawabarat|tasikmalaya|bojonggambir,46476
jawabarat|tasikmalaya|sodonghilir,46473
jawabarat|tasikmalaya|taraju,46474
jawabarat|tasikmalaya|salawu,46472
jawabarat|tasikmalaya|puspahiang,46471
jawabarat|tasikmalaya|tanjungjaya,46184
jawabarat|tasikmalaya|sukaraja,46183
jawabarat|tasikmalaya|salopa,46192
jawabarat|tasikmalaya|jatiwaras,46180
jawabarat|tasikmalaya|cineam,46198
jawabarat|tasikmalaya|karangjaya,46199
jawabarat|tasikmalaya|manonjaya,46197
jawabarat|tasikmalaya|gunungtanjung,46418
jawabarat|tasikmalaya|singaparna,46411
jawabarat|tasikmalaya|mangunreja,46462
jawabarat|tasikmalaya|sukarame,46461
jawabarat|tasikmalaya|cigalontang,46463
jawabarat|tasikmalaya|leuwisari,46464
jawabarat|tasikmalaya|padakembang,46466
jawabarat|tasikmalaya|sariwangi,46465
jawabarat|tasikmalaya|sukaratu,46415
jawabarat|tasikmalaya|cisayong,46153
jawabarat|tasikmalaya|sukahening,46155
jawabarat|tasikmalaya|rajapolah,46155
jawabarat|tasikmalaya|jamanis,46175
jawabarat|tasikmalaya|ciawi,46156
jawabarat|tasikmalaya|kadipaten,46157
jawabarat|tasikmalaya|pagerageung,46158
jawabarat|tasikmalaya|sukaresik,46419
jawabarat|ciamis|ciamis,46211
jawabarat|ciamis|cikoneng,46261
jawabarat|ciamis|cijeungjing,46271
jawabarat|ciamis|sadananya,46256
jawabarat|ciamis|cidolog,46352
jawabarat|ciamis|cihaurbeuti,46262
jawabarat|ciamis|panumbangan,46263
jawabarat|ciamis|panjalu,46264
jawabarat|ciamis|kawali,46253
jawabarat|ciamis|panawangan,46255
jawabarat|ciamis|cipaku,46252
jawabarat|ciamis|jatinagara,46273
jawabarat|ciamis|rajadesa,46254
jawabarat|ciamis|sukadana,46272
jawabarat|ciamis|rancah,46387
jawabarat|ciamis|tambaksari,46388
jawabarat|ciamis|lakbok,46385
jawabarat|ciamis|banjarsari,46383
jawabarat|ciamis|pamarican,46361
jawabarat|ciamis|cimaragas,46381
jawabarat|ciamis|cisaga,46386
jawabarat|ciamis|sindangkasih,46268
jawabarat|ciamis|baregbeg,46274
jawabarat|ciamis|sukamantri,46265
jawabarat|ciamis|lumbung,46258
jawabarat|ciamis|purwadadi,46380
jawabarat|ciamis|banjaranyar,46384
jawabarat|kuningan|kadugede,45561
jawabarat|kuningan|ciniru,45565
jawabarat|kuningan|subang,45586
jawabarat|kuningan|ciwaru,45583
jawabarat|kuningan|cibingbin,45587
jawabarat|kuningan|luragung,45581
jawabarat|kuningan|lebakwangi,45574
jawabarat|kuningan|garawangi,45571
jawabarat|kuningan|kuningan,45511
jawabarat|kuningan|ciawigebang,45591
jawabarat|kuningan|cidahu,45595
jawabarat|kuningan|jalaksana,45553
jawabarat|kuningan|cilimus,45551
jawabarat|kuningan|mandirancan,45558
jawabarat|kuningan|selajambe,45566
jawabarat|kuningan|kramatmulya,45553
jawabarat|kuningan|darma,45562
jawabarat|kuningan|cigugur,45552
jawabarat|kuningan|pasawahan,45559
jawabarat|kuningan|nusaherang,45563
jawabarat|kuningan|cipicung,45576
jawabarat|kuningan|pancalang,45557
jawabarat|kuningan|japara,45555
jawabarat|kuningan|cimahi,45582
jawabarat|kuningan|cilebak,45585
jawabarat|kuningan|hantara,45564
jawabarat|kuningan|kalimanggis,45594
jawabarat|kuningan|cibeureum,45588
jawabarat|kuningan|karangkancana,45584
jawabarat|kuningan|maleber,45574
jawabarat|kuningan|sindangagung,45573
jawabarat|kuningan|cigandamekar,45556
jawabarat|cirebon|waled,45180
jawabarat|cirebon|ciledug,45188
jawabarat|cirebon|losari,45192
jawabarat|cirebon|pabedilan,45193
jawabarat|cirebon|babakan,45191
jawabarat|cirebon|karangsembung,45186
jawabarat|cirebon|lemahabang,45183
jawabarat|cirebon|susukanlebak,45185
jawabarat|cirebon|sedong,45189
jawabarat|cirebon|astanajapura,45181
jawabarat|cirebon|pangenan,45182
jawabarat|cirebon|mundu,45173
jawabarat|cirebon|beber,45172
jawabarat|cirebon|talun,45171
jawabarat|cirebon|sumber,45611
jawabarat|cirebon|dukupuntang,45652
jawabarat|cirebon|palimanan,45160
jawabarat|cirebon|plumbon,45158
jawabarat|cirebon|weru,45159
jawabarat|cirebon|kedawung,45153
jawabarat|cirebon|gunungjati,45151
jawabarat|cirebon|kapetakan,45152
jawabarat|cirebon|klangenan,45157
jawabarat|cirebon|arjawinangun,45162
jawabarat|cirebon|panguragan,45163
jawabarat|cirebon|ciwaringin,45167
jawabarat|cirebon|susukan,45166
jawabarat|cirebon|gegesik,45164
jawabarat|cirebon|kaliwedi,45165
jawabarat|cirebon|gebang,45190
jawabarat|cirebon|depok,45155
jawabarat|cirebon|pasaleman,45187
jawabarat|cirebon|pabuaran,45194
jawabarat|cirebon|karangwareng,45184
jawabarat|cirebon|tengahtani,45168
jawabarat|cirebon|plered,45154
jawabarat|cirebon|gempol,45161
jawabarat|cirebon|greged,45170
jawabarat|cirebon|suranenggala,45150
jawabarat|cirebon|jamblang,45156
jawabarat|majalengka|lemahsugih,45465
jawabarat|majalengka|bantarujeg,45464
jawabarat|majalengka|cikijing,45466
jawabarat|majalengka|talaga,45463
jawabarat|majalengka|argapura,45462
jawabarat|majalengka|maja,45461
jawabarat|majalengka|majalengka,45411
jawabarat|majalengka|sukahaji,45470
jawabarat|majalengka|rajagaluh,45472
jawabarat|majalengka|leuwimunding,45473
jawabarat|majalengka|jatiwangi,45454
jawabarat|majalengka|dawuan,45453
jawabarat|majalengka|kadipaten,45452
jawabarat|majalengka|kertajati,45457
jawabarat|majalengka|jatitujuh,45458
jawabarat|majalengka|ligung,45456
jawabarat|majalengka|sumberjaya,45455
jawabarat|majalengka|panyingkiran,45459
jawabarat|majalengka|palasah,45475
jawabarat|majalengka|cigasong,45476
jawabarat|majalengka|sindangwangi,45474
jawabarat|majalengka|banjaran,45468
jawabarat|majalengka|cingambul,45467
jawabarat|majalengka|kasokandel,45451
jawabarat|majalengka|sindang,45471
jawabarat|majalengka|malausma,45460
jawabarat|sumedang|wado,45373
jawabarat|sumedang|jatinunggal,45376
jawabarat|sumedang|darmaraja,45372
jawabarat|sumedang|cibugel,45375
jawabarat|sumedang|cisitu,45363
jawabarat|sumedang|situraja,45371
jawabarat|sumedang|conggeang,45391
jawabarat|sumedang|paseh,45381
jawabarat|sumedang|surian,45393
jawabarat|sumedang|buahdua,45392
jawabarat|sumedang|tanjungsari,45362
jawabarat|sumedang|sukasari,45366
jawabarat|sumedang|pamulihan,45365
jawabarat|sumedang|cimanggung,45364
jawabarat|sumedang|jatinangor,45360
jawabarat|sumedang|rancakalong,45361
jawabarat|sumedang|sumedangselatan,45311
jawabarat|sumedang|sumedangutara,45321
jawabarat|sumedang|ganeas,45356
jawabarat|sumedang|tanjungkerta,45354
jawabarat|sumedang|tanjungmedar,45352
jawabarat|sumedang|cimalaka,45353
jawabarat|sumedang|cisarua,45355
jawabarat|sumedang|tomo,45382
jawabarat|sumedang|ujungjaya,45383
jawabarat|sumedang|jatigede,45377
jawabarat|indramayu|haurgeulis,45266
jawabarat|indramayu|kroya,45265
jawabarat|indramayu|gabuswetan,45263
jawabarat|indramayu|cikedung,45262
jawabarat|indramayu|lelea,45261
jawabarat|indramayu|bangodua,45272
jawabarat|indramayu|widasari,45271
jawabarat|indramayu|kertasemaya,45274
jawabarat|indramayu|krangkeng,45284
jawabarat|indramayu|karangampel,45283
jawabarat|indramayu|juntinyuat,45282
jawabarat|indramayu|sliyeg,45281
jawabarat|indramayu|jatibarang,45273
jawabarat|indramayu|balongan,45217
jawabarat|indramayu|indramayu,45211
jawabarat|indramayu|sindang,45221
jawabarat|indramayu|cantigi,45253
jawabarat|indramayu|lohbener,45252
jawabarat|indramayu|arahan,45267
jawabarat|indramayu|losarang,45253
jawabarat|indramayu|kandanghaur,45213
jawabarat|indramayu|bongas,45255
jawabarat|indramayu|anjatan,45256
jawabarat|indramayu|sukra,45259
jawabarat|indramayu|gantar,45264
jawabarat|indramayu|trisi,45260
jawabarat|indramayu|sukagumiwang,45275
jawabarat|indramayu|kedokanbunder,45280
jawabarat|indramayu|pasekan,45213
jawabarat|indramayu|tukdana,45270
jawabarat|indramayu|patrol,45257
jawabarat|subang|sagalaherang,41282
jawabarat|subang|cisalak,41283
jawabarat|subang|subang,41211
jawabarat|subang|kalijati,41271
jawabarat|subang|pabuaran,41262
jawabarat|subang|purwadadi,41261
jawabarat|subang|pagaden,41251
jawabarat|subang|binong,41253
jawabarat|subang|ciasem,41256
jawabarat|subang|pusakanagara,41265
jawabarat|subang|pamanukan,41264
jawabarat|subang|jalancagak,41281
jawabarat|subang|blanakan,41259
jawabarat|subang|tanjungsiang,41284
jawabarat|subang|compreng,41258
jawabarat|subang|patokbeusi,41263
jawabarat|subang|cibogo,41285
jawabarat|subang|cipunagara,41257
jawabarat|subang|cijambe,41286
jawabarat|subang|cipeundeuy,41272
jawabarat|subang|legonkulon,41254
jawabarat|subang|cikaum,41266
jawabarat|subang|serangpanjang,41288
jawabarat|subang|sukasari,41250
jawabarat|subang|tambakdahan,41267
jawabarat|subang|kasomalang,41287
jawabarat|subang|dawuan,41270
jawabarat|subang|pagadenbarat,41252
jawabarat|subang|ciater,41280
jawabarat|subang|pusakajaya,41255
jawabarat|purwakarta|purwakarta,41111
jawabarat|purwakarta|campaka,41180
jawabarat|purwakarta|jatiluhur,41152
jawabarat|purwakarta|plered,41162
jawabarat|purwakarta|sukatani,41167
jawabarat|purwakarta|darangdan,41163
jawabarat|purwakarta|maniis,41166
jawabarat|purwakarta|tegalwaru,41165
jawabarat|purwakarta|wanayasa,41174
jawabarat|purwakarta|pasawahan,41171
jawabarat|purwakarta|bojong,41164
jawabarat|purwakarta|babakancikao,41151
jawabarat|purwakarta|bungursari,41181
jawabarat|purwakarta|cibatu,41182
jawabarat|purwakarta|sukasari,41116
jawabarat|purwakarta|pondoksalam,41115
jawabarat|purwakarta|kiarapedes,41175
jawabarat|karawang|karawangbarat,41311
jawabarat|karawang|pangkalan,41362
jawabarat|karawang|telukjambetimur,41360
jawabarat|karawang|ciampel,41363
jawabarat|karawang|klari,41371
jawabarat|karawang|rengasdengklok,41352
jawabarat|karawang|kutawaluya,41358
jawabarat|karawang|batujaya,41354
jawabarat|karawang|tirtajaya,41357
jawabarat|karawang|pedes,41353
jawabarat|karawang|cibuaya,41356
jawabarat|karawang|pakisjaya,41355
jawabarat|karawang|cikampek,41373
jawabarat|karawang|jatisari,41375
jawabarat|karawang|cilamayawetan,41386
jawabarat|karawang|tirtamulya,41372
jawabarat|karawang|telagasari,41381
jawabarat|karawang|rawamerta,41382
jawabarat|karawang|lemahabang,41383
jawabarat|karawang|tempuran,41385
jawabarat|karawang|majalaya,41370
jawabarat|karawang|jayakerta,41351
jawabarat|karawang|cilamayakulon,41384
jawabarat|karawang|banyusari,41374
jawabarat|karawang|baru,41376
jawabarat|karawang|karawangtimur,41313
jawabarat|karawang|telukjambebarat,41361
jawabarat|karawang|tegalwaru,41364
jawabarat|karawang|purwasari,41377
jawabarat|karawang|cilebar,41350
jawabarat|bekasi|tarumajaya,17211
jawabarat|bekasi|babelan,17610
jawabarat|bekasi|sukawangi,17620
jawabarat|bekasi|tambelang,17621
jawabarat|bekasi|tambunutara,17511
jawabarat|bekasi|tambunselatan,17510
jawabarat|bekasi|cibitung,17520
jawabarat|bekasi|cikarangbarat,17530
jawabarat|bekasi|cikarangutara,17534
jawabarat|bekasi|karangbahagia,17535
jawabarat|bekasi|cikarangtimur,17533
jawabarat|bekasi|kedungwaringin,17540
jawabarat|bekasi|pebayuran,17710
jawabarat|bekasi|sukakarya,17630
jawabarat|bekasi|sukatani,17631
jawabarat|bekasi|cabangbungin,17720
jawabarat|bekasi|muaragembong,17730
jawabarat|bekasi|setu,17320
jawabarat|bekasi|cikarangselatan,17532
jawabarat|bekasi|cikarangpusat,17531
jawabarat|bekasi|serangbaru,17330
jawabarat|bekasi|cibarusah,17340
jawabarat|bekasi|bojongmangu,17350
jawabarat|bandungbarat|lembang,40391
jawabarat|bandungbarat|parongpong,40559
jawabarat|bandungbarat|cisarua,40551
jawabarat|bandungbarat|cikalongwetan,40556
jawabarat|bandungbarat|cipeundeuy,40558
jawabarat|bandungbarat|ngamprah,40552
jawabarat|bandungbarat|cipatat,40554
jawabarat|bandungbarat|padalarang,40553
jawabarat|bandungbarat|batujajar,40561
jawabarat|bandungbarat|cihampelas,40562
jawabarat|bandungbarat|cililin,40567
jawabarat|bandungbarat|cipongkor,40564
jawabarat|bandungbarat|rongga,40566
jawabarat|bandungbarat|sindangkerta,40563
jawabarat|bandungbarat|gununghalu,40565
jawabarat|bandungbarat|saguling,40560
jawabarat|pangandaran|parigi,46393
jawabarat|pangandaran|cijulang,46394
jawabarat|pangandaran|cimerak,46395
jawabarat|pangandaran|cigugur,46392
jawabarat|pangandaran|langkaplancar,46391
jawabarat|pangandaran|mangunjaya,46371
jawabarat|pangandaran|padaherang,46267
jawabarat|pangandaran|kalipucang,46397
jawabarat|pangandaran|pangandaran,46396
jawabarat|pangandaran|sidamulih,46365
jawabarat|bogor|bogorselatan,16131
jawabarat|bogor|bogortimur,16141
jawabarat|bogor|bogortengah,16121
jawabarat|bogor|bogorbarat,16111
jawabarat|bogor|bogorutara,16151
jawabarat|bogor|tanahsareal,16161
jawabarat|sukabumi|gunungpuyuh,43121
jawabarat|sukabumi|cikole,43111
jawabarat|sukabumi|citamiang,43141
jawabarat|sukabumi|warudoyong,43131
jawabarat|sukabumi|baros,43161
jawabarat|sukabumi|lembursitu,43134
jawabarat|sukabumi|cibeureum,43142
jawabarat|bandung|sukasari,40151
jawabarat|bandung|coblong,40131
jawabarat|bandung|babakanciparay,40221
jawabarat|bandung|bojongloakaler,40231
jawabarat|bandung|andir,40181
jawabarat|bandung|cicendo,40171
jawabarat|bandung|sukajadi,40161
jawabarat|bandung|cidadap,40141
jawabarat|bandung|bandungwetan,40114
jawabarat|bandung|astanaanyar,40241
jawabarat|bandung|regol,40251
jawabarat|bandung|batununggal,40271
jawabarat|bandung|lengkong,40261
jawabarat|bandung|cibeunyingkidul,40121
jawabarat|bandung|bandungkulon,40211
jawabarat|bandung|kiaracondong,40281
jawabarat|bandung|bojongloakidul,40234
jawabarat|bandung|cibeunyingkaler,40122
jawabarat|bandung|sumurbandung,40111
jawabarat|bandung|antapani,40291
jawabarat|bandung|bandungkidul,40256
jawabarat|bandung|buahbatu,40286
jawabarat|bandung|rancasari,40292
jawabarat|bandung|arcamanik,40293
jawabarat|bandung|cibiru,40614
jawabarat|bandung|ujungberung,40611
jawabarat|bandung|gedebage,40294
jawabarat|bandung|panyileukan,40614
jawabarat|bandung|cinambo,40296
jawabarat|bandung|mandalajati,40195
jawabarat|cirebon|kejaksan,45121
jawabarat|cirebon|lemahwungkuk,45111
jawabarat|cirebon|harjamukti,45141
jawabarat|cirebon|pekalipan,45115
jawabarat|cirebon|kesambi,45131
jawabarat|bekasi|bekasitimur,17111
jawabarat|bekasi|bekasibarat,17133
jawabarat|bekasi|bekasiutara,17121
jawabarat|bekasi|bekasiselatan,17141
jawabarat|bekasi|rawalumbu,17114
jawabarat|bekasi|medansatria,17131
jawabarat|bekasi|bantargebang,17151
jawabarat|bekasi|pondokgede,17411
jawabarat|bekasi|jatiasih,17421
jawabarat|bekasi|jatisampurna,17432
jawabarat|bekasi|mustikajaya,17155
jawabarat|bekasi|pondokmelati,17414
jawabarat|depok|pancoranmas,16431
jawabarat|depok|cimanggis,16451
jawabarat|depok|sawangan,16511
jawabarat|depok|limo,16512
jawabarat|depok|sukmajaya,16411
jawabarat|depok|beji,16421
jawabarat|depok|cipayung,16436
jawabarat|depok|cilodong,16413
jawabarat|depok|cinere,16512
jawabarat|depok|tapos,16451
jawabarat|depok|bojongsari,16516
jawabarat|cimahi|cimahiselatan,40531
jawabarat|cimahi|cimahitengah,40521
jawabarat|cimahi|cimahiutara,40511
jawabarat|tasikmalaya|cihideung,46121
jawabarat|tasikmalaya|cipedes,46131
jawabarat|tasikmalaya|tawang,46111
jawabarat|tasikmalaya|indihiang,46151
jawabarat|tasikmalaya|kawalu,46182
jawabarat|tasikmalaya|cibeureum,46196
jawabarat|tasikmalaya|tamansari,46191
jawabarat|tasikmalaya|mangkubumi,46181
jawabarat|tasikmalaya|bungursari,46151
jawabarat|tasikmalaya|purbaratu,46190
jawabarat|banjar|banjar,46311
jawabarat|banjar|pataruman,46316
jawabarat|banjar|purwaharja,46331
jawabarat|banjar|langensari,46324
jawatengah|cilacap|kedungreja,53263
jawatengah|cilacap|kesugihan,53274
jawatengah|cilacap|adipala,53271
jawatengah|cilacap|binangun,53280
jawatengah|cilacap|nusawungu,53283
jawatengah|cilacap|kroya,53282
jawatengah|cilacap|maos,53272
jawatengah|cilacap|jeruklegi,53252
jawatengah|cilacap|kawunganten,53251
jawatengah|cilacap|gandrungmangu,53254
jawatengah|cilacap|sidareja,53261
jawatengah|cilacap|karangpucung,53255
jawatengah|cilacap|cimanggu,53256
jawatengah|cilacap|majenang,53257
jawatengah|cilacap|wanareja,53222
jawatengah|cilacap|dayeuhluhur,53266
jawatengah|cilacap|sampang,53273
jawatengah|cilacap|cipari,53262
jawatengah|cilacap|patimuan,53264
jawatengah|cilacap|bantarsari,53281
jawatengah|cilacap|cilacapselatan,53211
jawatengah|cilacap|cilacaptengah,53221
jawatengah|cilacap|cilacaputara,53231
jawatengah|cilacap|kampunglaut,53253
jawatengah|banyumas|lumbir,53177
jawatengah|banyumas|wangon,53176
jawatengah|banyumas|jatilawang,53174
jawatengah|banyumas|rawalo,53173
jawatengah|banyumas|kebasen,53172
jawatengah|banyumas|kemranjen,53194
jawatengah|banyumas|sumpiuh,53195
jawatengah|banyumas|tambak,53196
jawatengah|banyumas|somagede,53193
jawatengah|banyumas|kalibagor,53191
jawatengah|banyumas|banyumas,53192
jawatengah|banyumas|patikraja,53171
jawatengah|banyumas|purwojati,53175
jawatengah|banyumas|ajibarang,53163
jawatengah|banyumas|gumelar,53165
jawatengah|banyumas|pekuncen,53164
jawatengah|banyumas|cilongok,53162
jawatengah|banyumas|karanglewas,53161
jawatengah|banyumas|sokaraja,53181
jawatengah|banyumas|kembaran,53182
jawatengah|banyumas|sumbang,53183
jawatengah|banyumas|baturraden,53126
jawatengah|banyumas|kedungbanteng,53152
jawatengah|banyumas|purwokertoselatan,53141
jawatengah|banyumas|purwokertobarat,53131
jawatengah|banyumas|purwokertotimur,53111
jawatengah|banyumas|purwokertoutara,53121
jawatengah|purbalingga|kemangkon,53381
jawatengah|purbalingga|bukateja,53382
jawatengah|purbalingga|kejobong,53314
jawatengah|purbalingga|kaligondang,53331
jawatengah|purbalingga|purbalingga,53311
jawatengah|purbalingga|kalimanah,53321
jawatengah|purbalingga|kutasari,53361
jawatengah|purbalingga|mrebet,53352
jawatengah|purbalingga|bobotsari,53353
jawatengah|purbalingga|karangreja,53358
jawatengah|purbalingga|karanganyar,53354
jawatengah|purbalingga|karangmoncol,53355
jawatengah|purbalingga|rembang,53356
jawatengah|purbalingga|bojongsari,53362
jawatengah|purbalingga|padamara,53372
jawatengah|purbalingga|pengadegan,53393
jawatengah|purbalingga|karangjambu,53357
jawatengah|purbalingga|kertanegara,53351
jawatengah|banjarnegara|susukan,53475
jawatengah|banjarnegara|purworejaklampok,53474
jawatengah|banjarnegara|mandiraja,53473
jawatengah|banjarnegara|purwanegara,53472
jawatengah|banjarnegara|bawang,53471
jawatengah|banjarnegara|banjarnegara,53411
jawatengah|banjarnegara|sigaluh,53481
jawatengah|banjarnegara|madukara,53482
jawatengah|banjarnegara|banjarmangu,53452
jawatengah|banjarnegara|wanadadi,53461
jawatengah|banjarnegara|rakit,53463
jawatengah|banjarnegara|punggelan,53462
jawatengah|banjarnegara|karangkobar,53453
jawatengah|banjarnegara|pagentan,53455
jawatengah|banjarnegara|pejawaran,53454
jawatengah|banjarnegara|batur,53456
jawatengah|banjarnegara|wanayasa,53457
jawatengah|banjarnegara|kalibening,53458
jawatengah|banjarnegara|pandanarum,53459
jawatengah|banjarnegara|pagedongan,53418
jawatengah|kebumen|ayah,54473
jawatengah|kebumen|buayan,54474
jawatengah|kebumen|puring,54383
jawatengah|kebumen|petanahan,54382
jawatengah|kebumen|klirong,54381
jawatengah|kebumen|buluspesantren,54391
jawatengah|kebumen|ambal,54392
jawatengah|kebumen|mirit,54396
jawatengah|kebumen|prembun,54397
jawatengah|kebumen|kutowinangun,54393
jawatengah|kebumen|alian,54352
jawatengah|kebumen|kebumen,54311
jawatengah|kebumen|pejagoan,54361
jawatengah|kebumen|sruweng,54362
jawatengah|kebumen|adimulyo,54363
jawatengah|kebumen|kuwarasan,54366
jawatengah|kebumen|rowokele,54472
jawatengah|kebumen|sempor,54421
jawatengah|kebumen|gombong,54411
jawatengah|kebumen|karanganyar,54364
jawatengah|kebumen|karanggayam,54365
jawatengah|kebumen|sadang,54354
jawatengah|kebumen|bonorowo,54395
jawatengah|kebumen|padureso,54394
jawatengah|kebumen|poncowarno,54390
jawatengah|kebumen|karangsambung,54353
jawatengah|purworejo|grabag,54265
jawatengah|purworejo|ngombol,54172
jawatengah|purworejo|purwodadi,54173
jawatengah|purworejo|bagelen,54174
jawatengah|purworejo|kaligesing,54175
jawatengah|purworejo|purworejo,54112
jawatengah|purworejo|banyuurip,54171
jawatengah|purworejo|bayan,54222
jawatengah|purworejo|kutoarjo,54211
jawatengah|purworejo|butuh,54116
jawatengah|purworejo|pituruh,54263
jawatengah|purworejo|kemiri,54262
jawatengah|purworejo|bruno,54261
jawatengah|purworejo|gebang,54191
jawatengah|purworejo|loano,54181
jawatengah|purworejo|bener,54183
jawatengah|wonosobo|wadaslintang,56365
jawatengah|wonosobo|kepil,56374
jawatengah|wonosobo|sapuran,56375
jawatengah|wonosobo|kaliwiro,56364
jawatengah|wonosobo|leksono,56362
jawatengah|wonosobo|selomerto,56361
jawatengah|wonosobo|kalikajar,56372
jawatengah|wonosobo|kertek,56371
jawatengah|wonosobo|wonosobo,56311
jawatengah|wonosobo|watumalang,56352
jawatengah|wonosobo|mojotengah,56351
jawatengah|wonosobo|garung,56353
jawatengah|wonosobo|kejajar,56314
jawatengah|wonosobo|sukoharjo,56363
jawatengah|wonosobo|kalibawang,56373
jawatengah|magelang|salaman,56126
jawatengah|magelang|borobudur,56413
jawatengah|magelang|ngluwar,56485
jawatengah|magelang|salam,56484
jawatengah|magelang|srumbung,56483
jawatengah|magelang|dukun,56482
jawatengah|magelang|sawangan,56411
jawatengah|magelang|muntilan,56411
jawatengah|magelang|mungkid,56511
jawatengah|magelang|mertoyudan,56172
jawatengah|magelang|tempuran,56161
jawatengah|magelang|kajoran,56163
jawatengah|magelang|kaliangkrik,56153
jawatengah|magelang|bandongan,56151
jawatengah|magelang|candimulyo,56191
jawatengah|magelang|pakis,56193
jawatengah|magelang|ngablak,56194
jawatengah|magelang|grabag,56196
jawatengah|magelang|tegalrejo,56192
jawatengah|magelang|secang,56195
jawatengah|magelang|windusari,56152
jawatengah|boyolali|selo,57363
jawatengah|boyolali|ampel,57316
jawatengah|boyolali|cepogo,57362
jawatengah|boyolali|musuk,57331
jawatengah|boyolali|boyolali,57311
jawatengah|boyolali|mojosongo,57321
jawatengah|boyolali|teras,57372
jawatengah|boyolali|sawit,57374
jawatengah|boyolali|banyudono,57373
jawatengah|boyolali|sambi,57376
jawatengah|boyolali|ngemplak,57375
jawatengah|boyolali|nogosari,57378
jawatengah|boyolali|simo,57377
jawatengah|boyolali|karanggede,57311
jawatengah|boyolali|klego,57385
jawatengah|boyolali|andong,57384
jawatengah|boyolali|kemusu,57383
jawatengah|boyolali|wonosegoro,57382
jawatengah|boyolali|juwangi,57391
jawatengah|boyolali|gladagsari,57352
jawatengah|boyolali|tamansari,57331
jawatengah|boyolali|wonosamodro,57382
jawatengah|klaten|prambanan,57454
jawatengah|klaten|gantiwarno,57455
jawatengah|klaten|wedi,57461
jawatengah|klaten|bayat,57462
jawatengah|klaten|cawas,57463
jawatengah|klaten|trucuk,57467
jawatengah|klaten|kebonarum,57486
jawatengah|klaten|jogonalan,57452
jawatengah|klaten|manisrenggo,57485
jawatengah|klaten|karangnongko,57483
jawatengah|klaten|ceper,57465
jawatengah|klaten|pedan,57468
jawatengah|klaten|karangdowo,57464
jawatengah|klaten|juwiring,57472
jawatengah|klaten|wonosari,57473
jawatengah|klaten|delanggu,57471
jawatengah|klaten|polanharjo,57474
jawatengah|klaten|karanganom,57475
jawatengah|klaten|tulung,57482
jawatengah|klaten|jatinom,57481
jawatengah|klaten|kemalang,57484
jawatengah|klaten|ngawen,57466
jawatengah|klaten|kalikotes,57451
jawatengah|klaten|klatenutara,57432
jawatengah|klaten|klatentengah,57411
jawatengah|klaten|klatenselatan,57421
jawatengah|sukoharjo|weru,57562
jawatengah|sukoharjo|bulu,57563
jawatengah|sukoharjo|tawangsari,57561
jawatengah|sukoharjo|sukoharjo,57511
jawatengah|sukoharjo|nguter,57571
jawatengah|sukoharjo|bendosari,57521
jawatengah|sukoharjo|polokarto,57513
jawatengah|sukoharjo|mojolaban,57554
jawatengah|sukoharjo|grogol,57552
jawatengah|sukoharjo|baki,57556
jawatengah|sukoharjo|gatak,57557
jawatengah|sukoharjo|kartasura,57161
jawatengah|wonogiri|pracimantoro,57664
jawatengah|wonogiri|giritontro,57678
jawatengah|wonogiri|giriwoyo,57675
jawatengah|wonogiri|batuwarno,57674
jawatengah|wonogiri|tirtomoyo,57672
jawatengah|wonogiri|nguntoronadi,57671
jawatengah|wonogiri|baturetno,57673
jawatengah|wonogiri|eromoko,57663
jawatengah|wonogiri|wuryantoro,57661
jawatengah|wonogiri|manyaran,57662
jawatengah|wonogiri|selogiri,57652
jawatengah|wonogiri|wonogiri,57611
jawatengah|wonogiri|ngadirojo,57681
jawatengah|wonogiri|sidoharjo,57682
jawatengah|wonogiri|jatiroto,57692
jawatengah|wonogiri|kismantoro,57696
jawatengah|wonogiri|purwantoro,57695
jawatengah|wonogiri|bulukerto,57697
jawatengah|wonogiri|slogohimo,57694
jawatengah|wonogiri|jatisrono,57691
jawatengah|wonogiri|jatipurno,57693
jawatengah|wonogiri|girimarto,57683
jawatengah|wonogiri|karangtengah,57677
jawatengah|wonogiri|paranggupito,57679
jawatengah|wonogiri|puhpelem,57698
jawatengah|karanganyar|jatipuro,57784
jawatengah|karanganyar|jatiyoso,57785
jawatengah|karanganyar|jumapolo,57716
jawatengah|karanganyar|jumantono,57782
jawatengah|karanganyar|matesih,57781
jawatengah|karanganyar|tawangmangu,57792
jawatengah|karanganyar|ngargoyoso,57731
jawatengah|karanganyar|karangpandan,57715
jawatengah|karanganyar|karanganyar,57711
jawatengah|karanganyar|tasikmadu,57721
jawatengah|karanganyar|jaten,57731
jawatengah|karanganyar|colomadu,57171
jawatengah|karanganyar|gondangrejo,57181
jawatengah|karanganyar|kebakkramat,57762
jawatengah|karanganyar|mojogedang,57716
jawatengah|karanganyar|kerjo,57711
jawatengah|karanganyar|jenawi,57794
jawatengah|sragen|kalijambe,57275
jawatengah|sragen|plupuh,57283
jawatengah|sragen|masaran,57282
jawatengah|sragen|kedawung,57292
jawatengah|sragen|sambirejo,57293
jawatengah|sragen|gondang,57254
jawatengah|sragen|sambungmacan,57253
jawatengah|sragen|ngrampal,57252
jawatengah|sragen|karangmalang,57221
jawatengah|sragen|sragen,57211
jawatengah|sragen|sidoharjo,57281
jawatengah|sragen|tanon,57277
jawatengah|sragen|gemolong,57274
jawatengah|sragen|miri,57276
jawatengah|sragen|sumberlawang,57272
jawatengah|sragen|mondokan,57271
jawatengah|sragen|sukodono,57263
jawatengah|sragen|gesi,57262
jawatengah|sragen|tangen,57261
jawatengah|sragen|jenar,57256
jawatengah|grobogan|kedungjati,58167
jawatengah|grobogan|karangrayung,58163
jawatengah|grobogan|penawangan,58161
jawatengah|grobogan|toroh,58171
jawatengah|grobogan|geyer,58172
jawatengah|grobogan|pulokulon,58181
jawatengah|grobogan|kradenan,58182
jawatengah|grobogan|gabus,58183
jawatengah|grobogan|ngaringan,58193
jawatengah|grobogan|wirosari,58192
jawatengah|grobogan|tawangharjo,58191
jawatengah|grobogan|grobogan,58152
jawatengah|grobogan|purwodadi,58111
jawatengah|grobogan|brati,58153
jawatengah|grobogan|klambu,58154
jawatengah|grobogan|godong,58162
jawatengah|grobogan|gubug,58164
jawatengah|grobogan|tegowanu,58165
jawatengah|grobogan|tanggungharjo,58166
jawatengah|blora|jati,58384
jawatengah|blora|randublatung,58382
jawatengah|blora|kradenan,58383
jawatengah|blora|kedungtuban,58381
jawatengah|blora|cepu,58311
jawatengah|blora|sambong,58371
jawatengah|blora|jiken,58372
jawatengah|blora|jepon,58261
jawatengah|blora|blora,58211
jawatengah|blora|tunjungan,58252
jawatengah|blora|banjarejo,58253
jawatengah|blora|ngawen,58254
jawatengah|blora|kunduran,58255
jawatengah|blora|todanan,58256
jawatengah|blora|bogorejo,58262
jawatengah|blora|japah,58257
jawatengah|rembang|sumber,59253
jawatengah|rembang|bulu,59255
jawatengah|rembang|gunem,59263
jawatengah|rembang|sale,59265
jawatengah|rembang|sarang,59274
jawatengah|rembang|sedan,59264
jawatengah|rembang|pamotan,59261
jawatengah|rembang|sulang,59254
jawatengah|rembang|kaliori,59252
jawatengah|rembang|rembang,59211
jawatengah|rembang|pancur,59262
jawatengah|rembang|kragan,59273
jawatengah|rembang|sluke,59272
jawatengah|rembang|lasem,59271
jawatengah|pati|sukolilo,59172
jawatengah|pati|kayen,59171
jawatengah|pati|tambakromo,59174
jawatengah|pati|winong,59181
jawatengah|pati|pucakwangi,59183
jawatengah|pati|jaken,59184
jawatengah|pati|batangan,59186
jawatengah|pati|juwana,59185
jawatengah|pati|jakenan,59182
jawatengah|pati|pati,59111
jawatengah|pati|gabus,59173
jawatengah|pati|margorejo,59163
jawatengah|pati|gembong,59162
jawatengah|pati|tlogowungu,59161
jawatengah|pati|wedarijaksa,59152
jawatengah|pati|margoyoso,59154
jawatengah|pati|gunungwungkal,59156
jawatengah|pati|cluwak,59157
jawatengah|pati|tayu,59155
jawatengah|pati|dukuhseti,59158
jawatengah|pati|trangkil,59153
jawatengah|kudus|kaliwungu,59332
jawatengah|kudus|kudus,59311
jawatengah|kudus|jati,59341
jawatengah|kudus|undaan,59372
jawatengah|kudus|mejobo,59381
jawatengah|kudus|jekulo,59382
jawatengah|kudus|bae,59321
jawatengah|kudus|gebog,59333
jawatengah|kudus|dawe,59353
jawatengah|jepara|kedung,59463
jawatengah|jepara|pecangaan,59460
jawatengah|jepara|welahan,59464
jawatengah|jepara|mayong,59465
jawatengah|jepara|batealit,59461
jawatengah|jepara|jepara,59411
jawatengah|jepara|mlonggo,59452
jawatengah|jepara|bangsri,59453
jawatengah|jepara|keling,59456
jawatengah|jepara|karimunjawa,59455
jawatengah|jepara|tahunan,59421
jawatengah|jepara|nalumsari,59466
jawatengah|jepara|kalinyamatan,59462
jawatengah|jepara|kembang,59457
jawatengah|jepara|pakisaji,59450
jawatengah|jepara|donorojo,59454
jawatengah|demak|mranggen,59567
jawatengah|demak|karangawen,59566
jawatengah|demak|guntur,59565
jawatengah|demak|sayung,59563
jawatengah|demak|karangtengah,59561
jawatengah|demak|wonosalam,59571
jawatengah|demak|dempet,59573
jawatengah|demak|gajah,59581
jawatengah|demak|karanganyar,59582
jawatengah|demak|mijen,59584
jawatengah|demak|demak,59511
jawatengah|demak|bonang,59511
jawatengah|demak|wedung,59554
jawatengah|demak|kebonagung,59583
jawatengah|semarang|getasan,50774
jawatengah|semarang|tengaran,50225
jawatengah|semarang|susukan,50777
jawatengah|semarang|suruh,50186
jawatengah|semarang|pabelan,50771
jawatengah|semarang|tuntang,50131
jawatengah|semarang|banyubiru,50664
jawatengah|semarang|jambu,50271
jawatengah|semarang|sumowono,50123
jawatengah|semarang|ambarawa,50611
jawatengah|semarang|bawen,50661
jawatengah|semarang|bringin,50218
jawatengah|semarang|bergas,50187
jawatengah|semarang|pringapus,50212
jawatengah|semarang|bancak,50125
jawatengah|semarang|kaliwungu,50221
jawatengah|semarang|ungaranbarat,50511
jawatengah|semarang|ungarantimur,50514
jawatengah|semarang|bandungan,50614
jawatengah|temanggung|bulu,56253
jawatengah|temanggung|tembarak,56261
jawatengah|temanggung|temanggung,56211
jawatengah|temanggung|pringsurat,56272
jawatengah|temanggung|kaloran,56282
jawatengah|temanggung|kandangan,56281
jawatengah|temanggung|kedu,56252
jawatengah|temanggung|parakan,56254
jawatengah|temanggung|ngadirejo,56255
jawatengah|temanggung|jumo,56256
jawatengah|temanggung|tretep,56259
jawatengah|temanggung|candiroto,56257
jawatengah|temanggung|kranggan,56271
jawatengah|temanggung|tlogomulyo,56263
jawatengah|temanggung|selopampang,56262
jawatengah|temanggung|bansari,56265
jawatengah|temanggung|kledung,56264
jawatengah|temanggung|bejen,56258
jawatengah|temanggung|wonoboyo,56266
jawatengah|temanggung|gemawang,56283
jawatengah|kendal|plantungan,51362
jawatengah|kendal|pageruyung,51361
jawatengah|kendal|sukorejo,51363
jawatengah|kendal|patean,51364
jawatengah|kendal|singorojo,51382
jawatengah|kendal|limbangan,51383
jawatengah|kendal|boja,51381
jawatengah|kendal|kaliwungu,51372
jawatengah|kendal|brangsong,51371
jawatengah|kendal|pegandon,51358
jawatengah|kendal|gemuh,51356
jawatengah|kendal|weleri,51355
jawatengah|kendal|cepiring,51352
jawatengah|kendal|patebon,51351
jawatengah|kendal|kendal,51311
jawatengah|kendal|rowosari,51319
jawatengah|kendal|kangkung,51353
jawatengah|kendal|ringinarum,51359
jawatengah|kendal|ngampel,51357
jawatengah|kendal|kaliwunguselatan,51372
jawatengah|batang|wonotunggal,51253
jawatengah|batang|bandar,51254
jawatengah|batang|blado,51255
jawatengah|batang|reban,51273
jawatengah|batang|bawang,51274
jawatengah|batang|tersono,51272
jawatengah|batang|gringsing,51281
jawatengah|batang|limpung,51271
jawatengah|batang|subah,51263
jawatengah|batang|tulis,51254
jawatengah|batang|batang,51211
jawatengah|batang|warungasem,51252
jawatengah|batang|kandeman,51261
jawatengah|batang|pecalungan,51262
jawatengah|batang|banyuputih,51271
jawatengah|pekalongan|kandangserang,51163
jawatengah|pekalongan|paninggaran,51164
jawatengah|pekalongan|lebakbarang,51183
jawatengah|pekalongan|petungkriyono,51193
jawatengah|pekalongan|talun,51192
jawatengah|pekalongan|doro,51191
jawatengah|pekalongan|karanganyar,51182
jawatengah|pekalongan|kajen,51161
jawatengah|pekalongan|kesesi,51162
jawatengah|pekalongan|sragi,51155
jawatengah|pekalongan|bojong,51156
jawatengah|pekalongan|wonopringgo,51181
jawatengah|pekalongan|kedungwuni,51173
jawatengah|pekalongan|buaran,51171
jawatengah|pekalongan|tirto,51151
jawatengah|pekalongan|wiradesa,51127
jawatengah|pekalongan|siwalan,51137
jawatengah|pekalongan|karangdadap,51174
jawatengah|pekalongan|wonokerto,51153
jawatengah|pemalang|moga,52354
jawatengah|pemalang|pulosari,52355
jawatengah|pemalang|belik,52356
jawatengah|pemalang|watukumpul,52357
jawatengah|pemalang|bodeh,52365
jawatengah|pemalang|bantarbolang,52352
jawatengah|pemalang|randudongkal,52353
jawatengah|pemalang|pemalang,52311
jawatengah|pemalang|taman,52361
jawatengah|pemalang|petarukan,52362
jawatengah|pemalang|ampelgading,52364
jawatengah|pemalang|comal,52363
jawatengah|pemalang|ulujami,52371
jawatengah|pemalang|warungpring,52358
jawatengah|tegal|margasari,52463
jawatengah|tegal|bumijawa,52466
jawatengah|tegal|bojong,52465
jawatengah|tegal|balapulang,52464
jawatengah|tegal|pagerbarang,52462
jawatengah|tegal|lebaksiu,52461
jawatengah|tegal|jatinegara,52473
jawatengah|tegal|kedungbanteng,52472
jawatengah|tegal|pangkah,52471
jawatengah|tegal|slawi,52411
jawatengah|tegal|adiwerna,52121
jawatengah|tegal|talang,52193
jawatengah|tegal|dukuhturi,52192
jawatengah|tegal|tarub,52184
jawatengah|tegal|kramat,52181
jawatengah|tegal|suradadi,52182
jawatengah|tegal|warureja,52183
jawatengah|tegal|dukuhwaru,52451
jawatengah|brebes|salem,52275
jawatengah|brebes|bantarkawung,52274
jawatengah|brebes|bumiayu,52273
jawatengah|brebes|paguyangan,52276
jawatengah|brebes|sirampog,52272
jawatengah|brebes|tonjong,52271
jawatengah|brebes|jatibarang,52261
jawatengah|brebes|wanasari,52221
jawatengah|brebes|brebes,52211
jawatengah|brebes|songgom,52266
jawatengah|brebes|kersana,52264
jawatengah|brebes|losari,52255
jawatengah|brebes|tanjung,52254
jawatengah|brebes|bulakamba,52253
jawatengah|brebes|larangan,52262
jawatengah|brebes|ketanggungan,52263
jawatengah|brebes|banjarharjo,52265
jawatengah|magelang|magelangselatan,56123
jawatengah|magelang|magelangutara,56113
jawatengah|magelang|magelangtengah,56111
jawatengah|surakarta|laweyan,57141
jawatengah|surakarta|serengan,57151
jawatengah|surakarta|pasarkliwon,57111
jawatengah|surakarta|jebres,57121
jawatengah|surakarta|banjarsari,57131
jawatengah|salatiga|sidorejo,50711
jawatengah|salatiga|tingkir,50741
jawatengah|salatiga|argomulyo,50732
jawatengah|salatiga|sidomukti,50721
jawatengah|semarang|semarangtengah,50131
jawatengah|semarang|semarangutara,50171
jawatengah|semarang|semarangtimur,50122
jawatengah|semarang|gayamsari,50162
jawatengah|semarang|genuk,50111
jawatengah|semarang|pedurungan,50113
jawatengah|semarang|semarangselatan,50241
jawatengah|semarang|candisari,50252
jawatengah|semarang|gajahmungkur,50231
jawatengah|semarang|tembalang,50271
jawatengah|semarang|banyumanik,50261
jawatengah|semarang|gunungpati,50221
jawatengah|semarang|semarangbarat,50141
jawatengah|semarang|mijen,50211
jawatengah|semarang|ngaliyan,50181
jawatengah|semarang|tugu,50151
jawatengah|pekalongan|pekalonganbarat,51111
jawatengah|pekalongan|pekalongantimur,51122
jawatengah|pekalongan|pekalonganutara,51141
jawatengah|pekalongan|pekalonganselatan,51132
jawatengah|tegal|tegalbarat,52111
jawatengah|tegal|tegaltimur,52121
jawatengah|tegal|tegalselatan,52131
jawatengah|tegal|margadana,52141
daerahistimewayogyakarta|kulonprogo|temon,55654
daerahistimewayogyakarta|kulonprogo|wates,55651
daerahistimewayogyakarta|kulonprogo|panjatan,55655
daerahistimewayogyakarta|kulonprogo|galur,55661
daerahistimewayogyakarta|kulonprogo|lendah,55663
daerahistimewayogyakarta|kulonprogo|sentolo,55664
daerahistimewayogyakarta|kulonprogo|pengasih,55652
daerahistimewayogyakarta|kulonprogo|kokap,55653
daerahistimewayogyakarta|kulonprogo|girimulyo,55674
daerahistimewayogyakarta|kulonprogo|nanggulan,55671
daerahistimewayogyakarta|kulonprogo|samigaluh,55673
daerahistimewayogyakarta|kulonprogo|kalibawang,55672
daerahistimewayogyakarta|bantul|srandakan,55762
daerahistimewayogyakarta|bantul|sanden,55763
daerahistimewayogyakarta|bantul|kretek,55772
daerahistimewayogyakarta|bantul|pundong,55771
daerahistimewayogyakarta|bantul|bambanglipuro,55764
daerahistimewayogyakarta|bantul|pandak,55761
daerahistimewayogyakarta|bantul|pajangan,55751
daerahistimewayogyakarta|bantul|bantul,55711
daerahistimewayogyakarta|bantul|jetis,55781
daerahistimewayogyakarta|bantul|imogiri,55782
daerahistimewayogyakarta|bantul|dlingo,55783
daerahistimewayogyakarta|bantul|banguntapan,55191
daerahistimewayogyakarta|bantul|pleret,55791
daerahistimewayogyakarta|bantul|piyungan,55792
daerahistimewayogyakarta|bantul|sewon,55185
daerahistimewayogyakarta|bantul|kasihan,55181
daerahistimewayogyakarta|bantul|sedayu,55752
daerahistimewayogyakarta|gunungkidul|wonosari,55811
daerahistimewayogyakarta|gunungkidul|nglipar,55852
daerahistimewayogyakarta|gunungkidul|playen,55861
daerahistimewayogyakarta|gunungkidul|patuk,55862
daerahistimewayogyakarta|gunungkidul|paliyan,55871
daerahistimewayogyakarta|gunungkidul|panggang,55872
daerahistimewayogyakarta|gunungkidul|tepus,55882
daerahistimewayogyakarta|gunungkidul|semanu,55893
daerahistimewayogyakarta|gunungkidul|karangmojo,55891
daerahistimewayogyakarta|gunungkidul|ponjong,55892
daerahistimewayogyakarta|gunungkidul|rongkop,55884
daerahistimewayogyakarta|gunungkidul|semin,55854
daerahistimewayogyakarta|gunungkidul|ngawen,55853
daerahistimewayogyakarta|gunungkidul|gedangsari,55863
daerahistimewayogyakarta|gunungkidul|saptosari,55870
daerahistimewayogyakarta|gunungkidul|girisubo,55883
daerahistimewayogyakarta|gunungkidul|tanjungsari,55881
daerahistimewayogyakarta|gunungkidul|purwosari,55873
daerahistimewayogyakarta|sleman|gamping,55291
daerahistimewayogyakarta|sleman|godean,55264
daerahistimewayogyakarta|sleman|moyudan,55563
daerahistimewayogyakarta|sleman|minggir,55562
daerahistimewayogyakarta|sleman|seyegan,55561
daerahistimewayogyakarta|sleman|mlati,55284
daerahistimewayogyakarta|sleman|depok,55281
daerahistimewayogyakarta|sleman|berbah,55573
daerahistimewayogyakarta|sleman|prambanan,55572
daerahistimewayogyakarta|sleman|kalasan,55571
daerahistimewayogyakarta|sleman|ngemplak,55584
daerahistimewayogyakarta|sleman|ngaglik,55581
daerahistimewayogyakarta|sleman|sleman,55511
daerahistimewayogyakarta|sleman|tempel,55552
daerahistimewayogyakarta|sleman|turi,55551
daerahistimewayogyakarta|sleman|pakem,55582
daerahistimewayogyakarta|sleman|cangkringan,55583
daerahistimewayogyakarta|yogyakarta|tegalrejo,55241
daerahistimewayogyakarta|yogyakarta|jetis,55231
daerahistimewayogyakarta|yogyakarta|gondokusuman,55221
daerahistimewayogyakarta|yogyakarta|danurejan,55211
daerahistimewayogyakarta|yogyakarta|gedongtengen,55271
daerahistimewayogyakarta|yogyakarta|ngampilan,55261
daerahistimewayogyakarta|yogyakarta|wirobrajan,55251
daerahistimewayogyakarta|yogyakarta|mantrijeron,55141
daerahistimewayogyakarta|yogyakarta|kraton,55131
daerahistimewayogyakarta|yogyakarta|gondomanan,55121
daerahistimewayogyakarta|yogyakarta|pakualaman,55111
daerahistimewayogyakarta|yogyakarta|mergangsan,55151
daerahistimewayogyakarta|yogyakarta|umbulharjo,55161
daerahistimewayogyakarta|yogyakarta|kotagede,55171
jawatimur|pacitan|donorojo,63554
jawatimur|pacitan|pringkuku,63552
jawatimur|pacitan|punung,63553
jawatimur|pacitan|pacitan,63511
jawatimur|pacitan|kebonagung,63561
jawatimur|pacitan|arjosari,63581
jawatimur|pacitan|nawangan,63584
jawatimur|pacitan|bandar,63583
jawatimur|pacitan|tegalombo,63582
jawatimur|pacitan|tulakan,63571
jawatimur|pacitan|ngadirojo,63572
jawatimur|pacitan|sudimoro,63573
jawatimur|ponorogo|slahung,63463
jawatimur|ponorogo|ngrayun,63464
jawatimur|ponorogo|bungkal,63462
jawatimur|ponorogo|sambit,63474
jawatimur|ponorogo|sawoo,63475
jawatimur|ponorogo|sooko,63482
jawatimur|ponorogo|pulung,63481
jawatimur|ponorogo|mlarak,63472
jawatimur|ponorogo|jetis,63473
jawatimur|ponorogo|siman,63471
jawatimur|ponorogo|balong,63461
jawatimur|ponorogo|kauman,63451
jawatimur|ponorogo|badegan,63455
jawatimur|ponorogo|sampung,63454
jawatimur|ponorogo|sukorejo,63453
jawatimur|ponorogo|babadan,63491
jawatimur|ponorogo|ponorogo,63411
jawatimur|ponorogo|jenangan,63492
jawatimur|ponorogo|ngebel,63493
jawatimur|ponorogo|jambon,63456
jawatimur|ponorogo|pudak,63418
jawatimur|trenggalek|panggul,66364
jawatimur|trenggalek|munjungan,66365
jawatimur|trenggalek|pule,66362
jawatimur|trenggalek|dongko,66363
jawatimur|trenggalek|tugu,66318
jawatimur|trenggalek|karangan,66361
jawatimur|trenggalek|kampak,66373
jawatimur|trenggalek|watulimo,66382
jawatimur|trenggalek|bendungan,66351
jawatimur|trenggalek|gandusari,66372
jawatimur|trenggalek|trenggalek,66311
jawatimur|trenggalek|pogalan,66371
jawatimur|trenggalek|durenan,66381
jawatimur|trenggalek|suruh,66360
jawatimur|tulungagung|tulungagung,66212
jawatimur|tulungagung|boyolangu,66231
jawatimur|tulungagung|kedungwaru,66221
jawatimur|tulungagung|ngantru,66252
jawatimur|tulungagung|kauman,66261
jawatimur|tulungagung|pagerwojo,66262
jawatimur|tulungagung|sendang,66254
jawatimur|tulungagung|karangrejo,66253
jawatimur|tulungagung|gondang,66263
jawatimur|tulungagung|sumbergempol,66291
jawatimur|tulungagung|ngunut,66292
jawatimur|tulungagung|pucanglaban,66284
jawatimur|tulungagung|rejotangan,66293
jawatimur|tulungagung|kalidawir,66281
jawatimur|tulungagung|besuki,66275
jawatimur|tulungagung|campurdarat,66272
jawatimur|tulungagung|bandung,66274
jawatimur|tulungagung|pakel,66273
jawatimur|tulungagung|tanggunggunung,66283
jawatimur|blitar|wonodadi,66155
jawatimur|blitar|udanawu,66154
jawatimur|blitar|srengat,66152
jawatimur|blitar|kademangan,66161
jawatimur|blitar|bakung,66163
jawatimur|blitar|ponggok,66153
jawatimur|blitar|sanankulon,66151
jawatimur|blitar|wonotirto,66173
jawatimur|blitar|nglegok,66181
jawatimur|blitar|kanigoro,66171
jawatimur|blitar|garum,66182
jawatimur|blitar|sutojayan,66172
jawatimur|blitar|panggungrejo,66174
jawatimur|blitar|talun,66183
jawatimur|blitar|gandusari,66187
jawatimur|blitar|binangun,66193
jawatimur|blitar|wlingi,66185
jawatimur|blitar|doko,66186
jawatimur|blitar|kesamben,66191
jawatimur|blitar|wates,66194
jawatimur|blitar|selorejo,66192
jawatimur|blitar|selopuro,66184
jawatimur|kediri|semen,64161
jawatimur|kediri|mojo,64162
jawatimur|kediri|kras,64172
jawatimur|kediri|ngadiluwih,64171
jawatimur|kediri|kandat,64137
jawatimur|kediri|wates,64174
jawatimur|kediri|ngancar,64156
jawatimur|kediri|puncu,64292
jawatimur|kediri|plosoklaten,64175
jawatimur|kediri|gurah,64113
jawatimur|kediri|pagu,64184
jawatimur|kediri|gampengrejo,64182
jawatimur|kediri|grogol,64151
jawatimur|kediri|papar,64153
jawatimur|kediri|purwoasri,64154
jawatimur|kediri|plemahan,64155
jawatimur|kediri|pare,64211
jawatimur|kediri|kepung,64293
jawatimur|kediri|kandangan,64294
jawatimur|kediri|tarokan,64152
jawatimur|kediri|kunjang,64156
jawatimur|kediri|banyakan,64157
jawatimur|kediri|ringinrejo,64176
jawatimur|kediri|kayenkidul,64183
jawatimur|kediri|ngasem,64181
jawatimur|kediri|badas,64216
jawatimur|malang|donomulyo,65167
jawatimur|malang|pagak,65168
jawatimur|malang|bantur,65179
jawatimur|malang|sumbermanjingwetan,65176
jawatimur|malang|dampit,65181
jawatimur|malang|ampelgading,65183
jawatimur|malang|poncokusumo,65157
jawatimur|malang|wajak,65173
jawatimur|malang|turen,65175
jawatimur|malang|gondanglegi,65174
jawatimur|malang|kalipare,65166
jawatimur|malang|sumberpucung,65160
jawatimur|malang|kepanjen,65163
jawatimur|malang|bululawang,65171
jawatimur|malang|tajinan,65172
jawatimur|malang|tumpang,65156
jawatimur|malang|jabung,65155
jawatimur|malang|pakis,65154
jawatimur|malang|pakisaji,65162
jawatimur|malang|ngajum,65164
jawatimur|malang|wagir,65158
jawatimur|malang|dau,65151
jawatimur|malang|karangploso,65152
jawatimur|malang|singosari,65153
jawatimur|malang|lawang,65211
jawatimur|malang|pujon,65391
jawatimur|malang|ngantang,65392
jawatimur|malang|kasembon,65393
jawatimur|malang|gedangan,65178
jawatimur|malang|tirtoyudo,65182
jawatimur|malang|kromengan,65165
jawatimur|malang|wonosari,65161
jawatimur|malang|pagelaran,65170
jawatimur|lumajang|tempursari,67375
jawatimur|lumajang|pronojiwo,67374
jawatimur|lumajang|candipuro,67373
jawatimur|lumajang|pasirian,67372
jawatimur|lumajang|tempeh,67371
jawatimur|lumajang|kunir,67383
jawatimur|lumajang|yosowilangun,67382
jawatimur|lumajang|rowokangkung,67359
jawatimur|lumajang|tekung,67381
jawatimur|lumajang|lumajang,67311
jawatimur|lumajang|pasrujambe,67361
jawatimur|lumajang|senduro,67362
jawatimur|lumajang|gucialit,67353
jawatimur|lumajang|padang,67352
jawatimur|lumajang|sukodono,67351
jawatimur|lumajang|kedungjajang,67358
jawatimur|lumajang|jatiroto,67355
jawatimur|lumajang|randuagung,67354
jawatimur|lumajang|klakah,67356
jawatimur|lumajang|ranuyoso,67357
jawatimur|lumajang|sumbersuko,67316
jawatimur|jember|jombang,68168
jawatimur|jember|kencong,68167
jawatimur|jember|sumberbaru,68156
jawatimur|jember|gumukmas,68165
jawatimur|jember|umbulsari,68166
jawatimur|jember|tanggul,68155
jawatimur|jember|semboro,68157
jawatimur|jember|puger,68164
jawatimur|jember|bangsalsari,68154
jawatimur|jember|balung,68161
jawatimur|jember|wuluhan,68162
jawatimur|jember|ambulu,68132
jawatimur|jember|rambipuji,68152
jawatimur|jember|panti,68153
jawatimur|jember|sukorambi,68151
jawatimur|jember|jenggawah,68171
jawatimur|jember|ajung,68175
jawatimur|jember|tempurejo,68173
jawatimur|jember|kaliwates,68131
jawatimur|jember|patrang,68111
jawatimur|jember|sumbersari,68121
jawatimur|jember|arjasa,68191
jawatimur|jember|mumbulsari,68174
jawatimur|jember|pakusari,68181
jawatimur|jember|jelbuk,68192
jawatimur|jember|mayang,68118
jawatimur|jember|kalisat,68113
jawatimur|jember|ledokombo,68196
jawatimur|jember|sukowono,68194
jawatimur|jember|silo,68184
jawatimur|jember|sumberjambe,68195
jawatimur|banyuwangi|pesanggaran,68488
jawatimur|banyuwangi|bangorejo,68487
jawatimur|banyuwangi|purwoharjo,68483
jawatimur|banyuwangi|tegaldlimo,68484
jawatimur|banyuwangi|muncar,68472
jawatimur|banyuwangi|cluring,68482
jawatimur|banyuwangi|gambiran,68486
jawatimur|banyuwangi|srono,68471
jawatimur|banyuwangi|genteng,68465
jawatimur|banyuwangi|glenmore,68466
jawatimur|banyuwangi|kalibaru,68467
jawatimur|banyuwangi|singojuruh,68464
jawatimur|banyuwangi|rogojampi,68462
jawatimur|banyuwangi|kabat,68461
jawatimur|banyuwangi|glagah,68431
jawatimur|banyuwangi|banyuwangi,68411
jawatimur|banyuwangi|giri,68422
jawatimur|banyuwangi|wongsorejo,68453
jawatimur|banyuwangi|songgon,68463
jawatimur|banyuwangi|sempu,68468
jawatimur|banyuwangi|kalipuro,68421
jawatimur|banyuwangi|siliragung,68489
jawatimur|banyuwangi|tegalsari,68485
jawatimur|banyuwangi|licin,68454
jawatimur|banyuwangi|blimbingsari,68460
jawatimur|bondowoso|maesan,68262
jawatimur|bondowoso|tamanan,68263
jawatimur|bondowoso|tlogosari,68272
jawatimur|bondowoso|sukosari,68287
jawatimur|bondowoso|pujer,68271
jawatimur|bondowoso|grujugan,68261
jawatimur|bondowoso|curahdami,68250
jawatimur|bondowoso|tenggarang,68281
jawatimur|bondowoso|wonosari,68282
jawatimur|bondowoso|tapen,68283
jawatimur|bondowoso|bondowoso,68211
jawatimur|bondowoso|wringin,68252
jawatimur|bondowoso|tegalampel,68292
jawatimur|bondowoso|klabang,68284
jawatimur|bondowoso|cermee,68261
jawatimur|bondowoso|prajekan,68285
jawatimur|bondowoso|pakem,68253
jawatimur|bondowoso|sumberwringin,68289
jawatimur|bondowoso|sempol,68288
jawatimur|bondowoso|binakal,68251
jawatimur|bondowoso|tamankrocok,68291
jawatimur|bondowoso|botolinggo,68284
jawatimur|bondowoso|jambesaridarussholah,68261
jawatimur|situbondo|jatibanteng,68357
jawatimur|situbondo|besuki,68356
jawatimur|situbondo|suboh,68354
jawatimur|situbondo|mlandingan,68353
jawatimur|situbondo|kendit,68352
jawatimur|situbondo|panarukan,68351
jawatimur|situbondo|situbondo,68311
jawatimur|situbondo|panji,68321
jawatimur|situbondo|mangaran,68363
jawatimur|situbondo|kapongan,68362
jawatimur|situbondo|arjasa,68371
jawatimur|situbondo|jangkar,68372
jawatimur|situbondo|asembagus,68373
jawatimur|situbondo|banyuputih,68374
jawatimur|situbondo|sumbermalang,68355
jawatimur|situbondo|banyuglugur,68359
jawatimur|situbondo|bungatan,68358
jawatimur|probolinggo|sukapura,67254
jawatimur|probolinggo|sumber,67263
jawatimur|probolinggo|kuripan,67262
jawatimur|probolinggo|bantaran,67261
jawatimur|probolinggo|leces,67273
jawatimur|probolinggo|banyuanyar,67275
jawatimur|probolinggo|tiris,67287
jawatimur|probolinggo|krucil,67288
jawatimur|probolinggo|gading,67292
jawatimur|probolinggo|pakuniran,67290
jawatimur|probolinggo|kotaanyar,67293
jawatimur|probolinggo|paiton,67291
jawatimur|probolinggo|besuk,67283
jawatimur|probolinggo|kraksaan,67282
jawatimur|probolinggo|krejengan,67284
jawatimur|probolinggo|pejarakan,67281
jawatimur|probolinggo|maron,67276
jawatimur|probolinggo|gending,67272
jawatimur|probolinggo|dringu,67271
jawatimur|probolinggo|tegalsiwalan,67274
jawatimur|probolinggo|sumberasih,67251
jawatimur|probolinggo|wonomerto,67253
jawatimur|probolinggo|tongas,67252
jawatimur|probolinggo|lumbang,67255
jawatimur|pasuruan|purwodadi,67163
jawatimur|pasuruan|tutur,67165
jawatimur|pasuruan|puspo,67176
jawatimur|pasuruan|lumbang,67183
jawatimur|pasuruan|pasrepan,67175
jawatimur|pasuruan|kejayan,67172
jawatimur|pasuruan|wonorejo,67173
jawatimur|pasuruan|purwosari,67162
jawatimur|pasuruan|sukorejo,67161
jawatimur|pasuruan|prigen,67157
jawatimur|pasuruan|pandaan,67156
jawatimur|pasuruan|gempol,67155
jawatimur|pasuruan|beji,67154
jawatimur|pasuruan|bangil,67153
jawatimur|pasuruan|rembang,67152
jawatimur|pasuruan|kraton,67151
jawatimur|pasuruan|pohjentrek,67171
jawatimur|pasuruan|gondangwetan,67174
jawatimur|pasuruan|winongan,67182
jawatimur|pasuruan|grati,67184
jawatimur|pasuruan|nguling,67185
jawatimur|pasuruan|lekok,67186
jawatimur|pasuruan|rejoso,67181
jawatimur|pasuruan|tosari,67177
jawatimur|sidoarjo|tarik,61265
jawatimur|sidoarjo|prambon,61264
jawatimur|sidoarjo|krembung,61275
jawatimur|sidoarjo|porong,61274
jawatimur|sidoarjo|jabon,61276
jawatimur|sidoarjo|tanggulangin,61272
jawatimur|sidoarjo|candi,61271
jawatimur|sidoarjo|sidoarjo,61212
jawatimur|sidoarjo|tulangan,61273
jawatimur|sidoarjo|wonoayu,61261
jawatimur|sidoarjo|krian,61262
jawatimur|sidoarjo|balongbendo,61263
jawatimur|sidoarjo|taman,61212
jawatimur|sidoarjo|sukodono,61216
jawatimur|sidoarjo|buduran,61252
jawatimur|sidoarjo|gedangan,61254
jawatimur|sidoarjo|sedati,61253
jawatimur|sidoarjo|waru,61256
jawatimur|mojokerto|jatirejo,61373
jawatimur|mojokerto|gondang,61372
jawatimur|mojokerto|pacet,61374
jawatimur|mojokerto|trawas,61375
jawatimur|mojokerto|ngoro,61385
jawatimur|mojokerto|pungging,61384
jawatimur|mojokerto|kutorejo,61383
jawatimur|mojokerto|mojosari,61382
jawatimur|mojokerto|dlanggu,61371
jawatimur|mojokerto|bangsal,61381
jawatimur|mojokerto|puri,61363
jawatimur|mojokerto|trowulan,61362
jawatimur|mojokerto|sooko,61361
jawatimur|mojokerto|gedeg,61351
jawatimur|mojokerto|kemlagi,61353
jawatimur|mojokerto|jetis,61352
jawatimur|mojokerto|dawarblandong,61354
jawatimur|mojokerto|mojoanyar,61364
jawatimur|jombang|perak,61461
jawatimur|jombang|gudo,61463
jawatimur|jombang|ngoro,61473
jawatimur|jombang|bareng,61474
jawatimur|jombang|wonosalam,61476
jawatimur|jombang|mojoagung,61482
jawatimur|jombang|mojowarno,61475
jawatimur|jombang|diwek,61471
jawatimur|jombang|jombang,61411
jawatimur|jombang|peterongan,61481
jawatimur|jombang|sumobito,61483
jawatimur|jombang|kesamben,61484
jawatimur|jombang|tembelang,61452
jawatimur|jombang|ploso,61453
jawatimur|jombang|plandaan,61456
jawatimur|jombang|kabuh,61455
jawatimur|jombang|kudu,61454
jawatimur|jombang|bandarkedungmulyo,61462
jawatimur|jombang|jogoroto,61485
jawatimur|jombang|megaluh,61457
jawatimur|jombang|ngusikan,61450
jawatimur|nganjuk|sawahan,64475
jawatimur|nganjuk|ngetos,64474
jawatimur|nganjuk|berbek,64473
jawatimur|nganjuk|loceret,64471
jawatimur|nganjuk|pace,64451
jawatimur|nganjuk|prambon,64484
jawatimur|nganjuk|ngronggot,64395
jawatimur|nganjuk|kertosono,64311
jawatimur|nganjuk|patianrowo,64391
jawatimur|nganjuk|baron,64394
jawatimur|nganjuk|tanjunganom,64482
jawatimur|nganjuk|sukomoro,64481
jawatimur|nganjuk|nganjuk,64411
jawatimur|nganjuk|bagor,64461
jawatimur|nganjuk|wilangan,64462
jawatimur|nganjuk|rejoso,64453
jawatimur|nganjuk|gondang,64451
jawatimur|nganjuk|ngluyu,64452
jawatimur|nganjuk|lengkong,64393
jawatimur|nganjuk|jatikalen,64392
jawatimur|madiun|kebonsari,63173
jawatimur|madiun|dolopo,63174
jawatimur|madiun|geger,63171
jawatimur|madiun|dagangan,63172
jawatimur|madiun|kare,63182
jawatimur|madiun|gemarang,63156
jawatimur|madiun|wungu,63181
jawatimur|madiun|madiun,63151
jawatimur|madiun|jiwan,63161
jawatimur|madiun|balerejo,63152
jawatimur|madiun|mejayan,63112
jawatimur|madiun|saradan,63155
jawatimur|madiun|pilangkenceng,63154
jawatimur|madiun|sawahan,63162
jawatimur|madiun|wonoasri,63157
jawatimur|magetan|poncol,63362
jawatimur|magetan|parang,63371
jawatimur|magetan|lembeyan,63372
jawatimur|magetan|takeran,63381
jawatimur|magetan|kawedanan,63382
jawatimur|magetan|magetan,63311
jawatimur|magetan|plaosan,63361
jawatimur|magetan|panekan,63352
jawatimur|magetan|sukomoro,63391
jawatimur|magetan|bendo,63384
jawatimur|magetan|maospati,63392
jawatimur|magetan|barat,63137
jawatimur|magetan|karangrejo,63395
jawatimur|magetan|karas,63393
jawatimur|magetan|kartoharjo,63394
jawatimur|magetan|ngariboyo,63351
jawatimur|magetan|nguntoronadi,63383
jawatimur|magetan|sidorejo,63319
jawatimur|ngawi|sine,63264
jawatimur|ngawi|ngrambe,63263
jawatimur|ngawi|jogorogo,63262
jawatimur|ngawi|kendal,63261
jawatimur|ngawi|geneng,63271
jawatimur|ngawi|kwadungan,63283
jawatimur|ngawi|karangjati,63284
jawatimur|ngawi|padas,63280
jawatimur|ngawi|ngawi,63211
jawatimur|ngawi|paron,63253
jawatimur|ngawi|kedunggalar,63254
jawatimur|ngawi|widodaren,63256
jawatimur|ngawi|mantingan,63260
jawatimur|ngawi|pangkur,63282
jawatimur|ngawi|bringin,63285
jawatimur|ngawi|pitu,63252
jawatimur|ngawi|karanganyar,63257
jawatimur|ngawi|gerih,63270
jawatimur|ngawi|kasreman,63281
jawatimur|bojonegoro|ngraho,62165
jawatimur|bojonegoro|tambakrejo,62166
jawatimur|bojonegoro|ngambon,62167
jawatimur|bojonegoro|ngasem,62154
jawatimur|bojonegoro|bubulan,62172
jawatimur|bojonegoro|dander,62171
jawatimur|bojonegoro|sugihwaras,62183
jawatimur|bojonegoro|kedungadem,62195
jawatimur|bojonegoro|kepohbaru,62194
jawatimur|bojonegoro|baureno,62192
jawatimur|bojonegoro|kanor,62193
jawatimur|bojonegoro|sumberejo,62191
jawatimur|bojonegoro|balen,62168
jawatimur|bojonegoro|kapas,62181
jawatimur|bojonegoro|bojonegoro,62111
jawatimur|bojonegoro|kalitidu,62152
jawatimur|bojonegoro|malo,62153
jawatimur|bojonegoro|purwosari,62161
jawatimur|bojonegoro|padangan,62162
jawatimur|bojonegoro|kasiman,62164
jawatimur|bojonegoro|temayang,62184
jawatimur|bojonegoro|margomulyo,62168
jawatimur|bojonegoro|trucuk,62155
jawatimur|bojonegoro|sukosewu,62185
jawatimur|bojonegoro|kedewan,62160
jawatimur|bojonegoro|gondang,62173
jawatimur|bojonegoro|sekar,62169
jawatimur|bojonegoro|gayam,62152
jawatimur|tuban|kenduruan,62363
jawatimur|tuban|jatirogo,62362
jawatimur|tuban|bangilan,62364
jawatimur|tuban|bancar,62354
jawatimur|tuban|senori,62365
jawatimur|tuban|tambakboyo,62353
jawatimur|tuban|singgahan,62361
jawatimur|tuban|kerek,62356
jawatimur|tuban|parengan,62366
jawatimur|tuban|montong,62357
jawatimur|tuban|soko,62372
jawatimur|tuban|jenu,62352
jawatimur|tuban|merakurak,62355
jawatimur|tuban|rengel,62370
jawatimur|tuban|semanding,62381
jawatimur|tuban|tuban,62311
jawatimur|tuban|plumpang,62382
jawatimur|tuban|palang,62391
jawatimur|tuban|widang,62383
jawatimur|tuban|grabagan,62371
jawatimur|lamongan|sukorame,62276
jawatimur|lamongan|bluluk,62274
jawatimur|lamongan|modo,62275
jawatimur|lamongan|ngimbang,62273
jawatimur|lamongan|babat,62271
jawatimur|lamongan|kedungpring,62272
jawatimur|lamongan|brondong,62263
jawatimur|lamongan|laren,62262
jawatimur|lamongan|sekaran,62260
jawatimur|lamongan|maduran,62261
jawatimur|lamongan|sambeng,62284
jawatimur|lamongan|sugio,62256
jawatimur|lamongan|pucuk,62257
jawatimur|lamongan|paciran,62264
jawatimur|lamongan|solokuro,62265
jawatimur|lamongan|mantup,62283
jawatimur|lamongan|sukodadi,62253
jawatimur|lamongan|karanggeneng,62254
jawatimur|lamongan|kembangbahu,62282
jawatimur|lamongan|kalitengah,62255
jawatimur|lamongan|turi,62252
jawatimur|lamongan|lamongan,62211
jawatimur|lamongan|tikung,62280
jawatimur|lamongan|karangbinangun,62293
jawatimur|lamongan|deket,62291
jawatimur|lamongan|glagah,62292
jawatimur|lamongan|sarirejo,62281
jawatimur|gresik|dukun,61155
jawatimur|gresik|balongpanggang,61173
jawatimur|gresik|panceng,61156
jawatimur|gresik|benjeng,61172
jawatimur|gresik|duduksampeyan,61162
jawatimur|gresik|wringinanom,61176
jawatimur|gresik|ujungpangkah,61154
jawatimur|gresik|kedamean,61175
jawatimur|gresik|sidayu,61153
jawatimur|gresik|manyar,61151
jawatimur|gresik|cerme,61171
jawatimur|gresik|bungah,61152
jawatimur|gresik|menganti,61174
jawatimur|gresik|kebomas,61121
jawatimur|gresik|driyorejo,61177
jawatimur|gresik|gresik,61111
jawatimur|gresik|sangkapura,61181
jawatimur|gresik|tambak,61182
jawatimur|bangkalan|bangkalan,69112
jawatimur|bangkalan|socah,69161
jawatimur|bangkalan|burneh,69121
jawatimur|bangkalan|kamal,69162
jawatimur|bangkalan|arosbaya,69151
jawatimur|bangkalan|geger,69152
jawatimur|bangkalan|klampis,69153
jawatimur|bangkalan|sepulu,69154
jawatimur|bangkalan|tanjungbumi,69156
jawatimur|bangkalan|kokop,69155
jawatimur|bangkalan|kwanyar,69163
jawatimur|bangkalan|labang,69164
jawatimur|bangkalan|tanahmerah,69172
jawatimur|bangkalan|tragah,69165
jawatimur|bangkalan|blega,69174
jawatimur|bangkalan|modung,69166
jawatimur|bangkalan|konang,69175
jawatimur|bangkalan|galis,69173
jawatimur|sampang|sreseh,69273
jawatimur|sampang|torjun,69270
jawatimur|sampang|sampang,69212
jawatimur|sampang|camplong,69281
jawatimur|sampang|omben,69291
jawatimur|sampang|kedungdung,69252
jawatimur|sampang|jrengik,69272
jawatimur|sampang|tambelangan,69253
jawatimur|sampang|banyuates,69263
jawatimur|sampang|robatal,69255
jawatimur|sampang|sokobanah,69262
jawatimur|sampang|ketapang,69261
jawatimur|sampang|pangarengan,69271
jawatimur|sampang|karangpenang,69254
jawatimur|pamekasan|tlanakan,69371
jawatimur|pamekasan|pademawu,69321
jawatimur|pamekasan|galis,69382
jawatimur|pamekasan|pamekasan,69311
jawatimur|pamekasan|proppo,69363
jawatimur|pamekasan|palenggaan,69362
jawatimur|pamekasan|pegantenan,69361
jawatimur|pamekasan|larangan,69383
jawatimur|pamekasan|pakong,69352
jawatimur|pamekasan|waru,69353
jawatimur|pamekasan|batumarmar,69354
jawatimur|pamekasan|kadur,69355
jawatimur|pamekasan|pasean,69356
jawatimur|sumenep|sumenep,69412
jawatimur|sumenep|kalianget,69471
jawatimur|sumenep|manding,69452
jawatimur|sumenep|talango,69481
jawatimur|sumenep|bluto,69466
jawatimur|sumenep|saronggi,69467
jawatimur|sumenep|lenteng,69461
jawatimur|sumenep|giliginting,69482
jawatimur|sumenep|gulukguluk,69463
jawatimur|sumenep|ganding,69462
jawatimur|sumenep|pragaan,69465
jawatimur|sumenep|ambunten,69455
jawatimur|sumenep|pasongsongan,69457
jawatimur|sumenep|dasuk,69454
jawatimur|sumenep|rubaru,69456
jawatimur|sumenep|batangbatang,69473
jawatimur|sumenep|batuputih,69453
jawatimur|sumenep|dungkek,69474
jawatimur|sumenep|gapura,69472
jawatimur|sumenep|gayam,69483
jawatimur|sumenep|nonggunong,69484
jawatimur|sumenep|raas,69485
jawatimur|sumenep|masalembu,69492
jawatimur|sumenep|arjasa,69491
jawatimur|sumenep|sapeken,69493
jawatimur|sumenep|batuan,69451
jawatimur|sumenep|kangayan,69490
jawatimur|kediri|mojoroto,64111
jawatimur|kediri|regency,64121
jawatimur|kediri|pesantren,64131
jawatimur|blitar|kepanjenkidul,66113
jawatimur|blitar|sukorejo,66121
jawatimur|blitar|sananwetan,66133
jawatimur|malang|blimbing,65121
jawatimur|malang|klojen,65111
jawatimur|malang|kedungkandang,65132
jawatimur|malang|sukun,65146
jawatimur|malang|lowokwaru,65141
jawatimur|probolinggo|kademangan,67221
jawatimur|probolinggo|wonoasih,67232
jawatimur|probolinggo|mayangan,67216
jawatimur|probolinggo|kanigaran,67211
jawatimur|probolinggo|kedopok,67227
jawatimur|pasuruan|gadingrejo,67134
jawatimur|pasuruan|purworejo,67115
jawatimur|pasuruan|bugulkidul,67127
jawatimur|pasuruan|panggungrejo,67111
jawatimur|mojokerto|prajuritkulon,61323
jawatimur|mojokerto|magersari,61314
jawatimur|mojokerto|kranggan,61311
jawatimur|madiun|kartoharjo,63111
jawatimur|madiun|manguharjo,63121
jawatimur|madiun|taman,63131
jawatimur|surabaya|karangpilang,60221
jawatimur|surabaya|wonocolo,60236
jawatimur|surabaya|rungkut,60293
jawatimur|surabaya|wonokromo,60241
jawatimur|surabaya|tegalsari,60261
jawatimur|surabaya|sawahan,60251
jawatimur|surabaya|genteng,60271
jawatimur|surabaya|gubeng,60281
jawatimur|surabaya|sukolilo,60111
jawatimur|surabaya|tambaksari,60131
jawatimur|surabaya|simokerto,60141
jawatimur|surabaya|pabeancantian,60161
jawatimur|surabaya|bubutan,60171
jawatimur|surabaya|tandes,60184
jawatimur|surabaya|krembangan,60175
jawatimur|surabaya|semampir,60151
jawatimur|surabaya|kenjeran,60126
jawatimur|surabaya|lakarsantri,60211
jawatimur|surabaya|benowo,60191
jawatimur|surabaya|wiyung,60222
jawatimur|surabaya|dukuhpakis,60224
jawatimur|surabaya|gayungan,60231
jawatimur|surabaya|jambangan,60232
jawatimur|surabaya|tenggilismejoyo,60291
jawatimur|surabaya|gununganyar,60293
jawatimur|surabaya|mulyorejo,60112
jawatimur|surabaya|sukomanunggal,60187
jawatimur|surabaya|asemrowo,60182
jawatimur|surabaya|bulak,60122
jawatimur|surabaya|pakal,60192
jawatimur|surabaya|sambikerep,60216
jawatimur|batu|batu,65311
jawatimur|batu|bumiaji,65331
jawatimur|batu|junrejo,65321
banten|pandeglang|sumur,42283
banten|pandeglang|cimanggu,42284
banten|pandeglang|cibaliung,42285
banten|pandeglang|cikeusik,42286
banten|pandeglang|cigeulis,42282
banten|pandeglang|panimbang,42281
banten|pandeglang|angsana,42277
banten|pandeglang|munjul,42275
banten|pandeglang|pagelaran,42265
banten|pandeglang|bojong,42274
banten|pandeglang|picung,42275
banten|pandeglang|labuan,42260
banten|pandeglang|menes,42262
banten|pandeglang|saketi,42278
banten|pandeglang|cipeucang,42272
banten|pandeglang|jiput,42263
banten|pandeglang|mandalawangi,42261
banten|pandeglang|cimanuk,42270
banten|pandeglang|kaduhejo,42253
banten|pandeglang|banjar,42252
banten|pandeglang|pandeglang,42211
banten|pandeglang|cadasari,42251
banten|pandeglang|cisata,42273
banten|pandeglang|patia,42266
banten|pandeglang|karangtanjung,42213
banten|pandeglang|cikedal,42271
banten|pandeglang|cibitung,42287
banten|pandeglang|carita,42264
banten|pandeglang|sukaresmi,42267
banten|pandeglang|mekarjaya,42279
banten|pandeglang|sindangresmi,42276
banten|pandeglang|pulosari,42254
banten|pandeglang|koroncong,42250
banten|pandeglang|majasari,42211
banten|pandeglang|sobang,42280
banten|lebak|malingping,42391
banten|lebak|panggarangan,42390
banten|lebak|bayah,42393
banten|lebak|cipanas,42372
banten|lebak|muncang,42364
banten|lebak|leuwidamar,42362
banten|lebak|bojongmanik,42363
banten|lebak|gunungkencana,42354
banten|lebak|banjarsari,42355
banten|lebak|cileles,42353
banten|lebak|cimarga,42361
banten|lebak|sajira,42371
banten|lebak|maja,42382
banten|lebak|rangkasbitung,42311
banten|lebak|warunggunung,42352
banten|lebak|cijaku,42397
banten|lebak|cikulur,42356
banten|lebak|cibadak,42357
banten|lebak|cibeber,42394
banten|lebak|cilograng,42398
banten|lebak|wanasalam,42396
banten|lebak|sobang,42315
banten|lebak|curugbitung,42381
banten|lebak|kalanganyar,42311
banten|lebak|lebakgedong,42351
banten|lebak|cihara,42392
banten|lebak|cirinten,42365
banten|lebak|cigemlong,42395
banten|tangerang|balaraja,15610
banten|tangerang|jayanti,15611
banten|tangerang|tigaraksa,15721
banten|tangerang|jambe,15720
banten|tangerang|cisoka,15730
banten|tangerang|kresek,15621
banten|tangerang|kronjo,15550
banten|tangerang|mauk,15531
banten|tangerang|kemiri,15530
banten|tangerang|sukadiri,15532
banten|tangerang|rajeg,15540
banten|tangerang|pasarkemis,15560
banten|tangerang|teluknaga,15510
banten|tangerang|kosambi,15211
banten|tangerang|pakuhaji,15570
banten|tangerang|sepatan,15520
banten|tangerang|curug,15810
banten|tangerang|cikupa,15710
banten|tangerang|panongan,15711
banten|tangerang|legok,15820
banten|tangerang|pagedangan,15157
banten|tangerang|cisauk,15340
banten|tangerang|sukamulya,15612
banten|tangerang|kelapadua,15811
banten|tangerang|sindangjaya,15561
banten|tangerang|sepatantimur,15521
banten|tangerang|solear,15731
banten|tangerang|gunungkaler,15620
banten|tangerang|mekarbaru,15551
banten|serang|kramatwatu,42161
banten|serang|waringinkurung,42453
banten|serang|bojonegara,42454
banten|serang|puloampel,42455
banten|serang|ciruas,42182
banten|serang|kragilan,42184
banten|serang|pontang,42192
banten|serang|tirtayasa,42193
banten|serang|tanara,42194
banten|serang|cikande,42186
banten|serang|kibin,42185
banten|serang|carenang,42195
banten|serang|binuang,42196
banten|serang|petir,42172
banten|serang|tunjungteja,42174
banten|serang|baros,42173
banten|serang|cikeusal,42175
banten|serang|pamarayan,42179
banten|serang|kopo,42178
banten|serang|jawilan,42177
banten|serang|ciomas,42164
banten|serang|pabuaran,42163
banten|serang|padarincang,42168
banten|serang|anyar,42166
banten|serang|cinangka,42167
banten|serang|mancak,42165
banten|serang|gunungsari,42160
banten|serang|bandung,42176
banten|serang|lebakwangi,42181
banten|tangerang|tangerang,15111
banten|tangerang|jatiuwung,15133
banten|tangerang|batuceper,15121
banten|tangerang|benda,15123
banten|tangerang|cipondoh,15141
banten|tangerang|ciledug,15151
banten|tangerang|karawaci,15112
banten|tangerang|periuk,15131
banten|tangerang|cibodas,15134
banten|tangerang|neglasari,15121
banten|tangerang|pinang,15142
banten|tangerang|karangtengah,15157
banten|tangerang|larangan,15154
banten|cilegon|cibeber,42422
banten|cilegon|cilegon,42415
banten|cilegon|pulomerak,42431
banten|cilegon|ciwandan,42441
banten|cilegon|jombang,42411
banten|cilegon|gerogol,42436
banten|cilegon|purwakarta,42431
banten|cilegon|citangkil,42441
banten|serang|serang,42111
banten|serang|kasemen,42191
banten|serang|walantaka,42183
banten|serang|curug,42171
banten|serang|cipocokjaya,42121
banten|serang|taktakan,42162
banten|tangerangselatan|serpong,15310
banten|tangerangselatan|serpongutara,15320
banten|tangerangselatan|pondokaren,15220
banten|tangerangselatan|ciputat,15411
banten|tangerangselatan|ciputattimur,15412
banten|tangerangselatan|pamulang,15415
banten|tangerangselatan|setu,15312
bali|jembrana|negara,82212
bali|jembrana|mendoyo,82261
bali|jembrana|pekutatan,82262
bali|jembrana|melaya,82252
bali|jembrana|jembrana,82211
bali|tabanan|selemadeg,82164
bali|tabanan|salamadegtimur,82160
bali|tabanan|salemadegbarat,82162
bali|tabanan|kerambitan,82161
bali|tabanan|tabanan,82111
bali|tabanan|kediri,82121
bali|tabanan|marga,82181
bali|tabanan|penebel,82152
bali|tabanan|baturiti,82191
bali|tabanan|pupuan,82163
bali|badung|kuta,80361
bali|badung|mengwi,80351
bali|badung|abiansemal,80352
bali|badung|petang,80353
bali|badung|kutaselatan,80362
bali|badung|kutautara,80363
bali|gianyar|sukawati,80582
bali|gianyar|blahbatuh,80581
bali|gianyar|gianyar,80511
bali|gianyar|tampaksiring,80552
bali|gianyar|ubud,80571
bali|gianyar|tegallalang,80561
bali|gianyar|payangan,80572
bali|klungkung|nusapenida,80771
bali|klungkung|banjarangkan,80752
bali|klungkung|klungkung,80711
bali|klungkung|dawan,80761
bali|bangli|susut,80661
bali|bangli|bangli,80611
bali|bangli|tembuku,80671
bali|bangli|kintamani,80652
bali|karangasem|rendang,80863
bali|karangasem|sidemen,80864
bali|karangasem|manggis,80871
bali|karangasem|karangasem,80811
bali|karangasem|abang,80852
bali|karangasem|bebandem,80861
bali|karangasem|selat,80862
bali|karangasem|kubu,80853
bali|buleleng|gerokgak,81155
bali|buleleng|seririt,81153
bali|buleleng|busungbiu,81154
bali|buleleng|banjar,81152
bali|buleleng|sukasada,81161
bali|buleleng|buleleng,81111
bali|buleleng|sawan,81171
bali|buleleng|kubutambahan,81172
bali|buleleng|tejakula,81173
bali|denpasar|denpasarselatan,80221
bali|denpasar|denpasartimur,80232
bali|denpasar|denpasarbarat,80112
bali|denpasar|denpasarutara,80111
nusatenggarabarat|lombokbarat|gerung,83363
nusatenggarabarat|lombokbarat|kediri,83362
nusatenggarabarat|lombokbarat|narmada,83370
nusatenggarabarat|lombokbarat|sekotong,83365
nusatenggarabarat|lombokbarat|labuapi,83361
nusatenggarabarat|lombokbarat|gunungsari,83351
nusatenggarabarat|lombokbarat|lingsar,83371
nusatenggarabarat|lombokbarat|lembar,83364
nusatenggarabarat|lombokbarat|batulayar,83355
nusatenggarabarat|lombokbarat|kuripan,83360
nusatenggarabarat|lomboktengah|praya,83511
nusatenggarabarat|lomboktengah|jonggat,83561
nusatenggarabarat|lomboktengah|batukliang,83552
nusatenggarabarat|lomboktengah|pujut,83573
nusatenggarabarat|lomboktengah|prayabarat,83572
nusatenggarabarat|lomboktengah|prayatimur,83581
nusatenggarabarat|lomboktengah|janapria,83554
nusatenggarabarat|lomboktengah|pringgarata,83562
nusatenggarabarat|lomboktengah|kopang,83553
nusatenggarabarat|lomboktengah|prayatengah,83513
nusatenggarabarat|lomboktengah|prayabaratdaya,83571
nusatenggarabarat|lomboktengah|batukliangutara,83550
nusatenggarabarat|lomboktimur|keruak,83673
nusatenggarabarat|lomboktimur|sakra,83671
nusatenggarabarat|lomboktimur|terara,83664
nusatenggarabarat|lomboktimur|sikur,83662
nusatenggarabarat|lomboktimur|masbagik,83661
nusatenggarabarat|lomboktimur|sukamulia,83652
nusatenggarabarat|lomboktimur|selong,83611
nusatenggarabarat|lomboktimur|pringgabaya,83654
nusatenggarabarat|lomboktimur|aikmel,83653
nusatenggarabarat|lomboktimur|sambelia,83656
nusatenggarabarat|lomboktimur|montonggading,83663
nusatenggarabarat|lomboktimur|pringgasela,83660
nusatenggarabarat|lomboktimur|suralaga,83651
nusatenggarabarat|lomboktimur|wanasaba,83650
nusatenggarabarat|lomboktimur|sembalun,83657
nusatenggarabarat|lomboktimur|suwela,83655
nusatenggarabarat|lomboktimur|labuhanhaji,83614
nusatenggarabarat|lomboktimur|sakratimur,83674
nusatenggarabarat|lomboktimur|sakrabarat,83670
nusatenggarabarat|lomboktimur|jerowaru,83672
nusatenggarabarat|lomboktimur|lenek,83653
nusatenggarabarat|sumbawa|lunyuk,84373
nusatenggarabarat|sumbawa|alas,84353
nusatenggarabarat|sumbawa|utan,84351
nusatenggarabarat|sumbawa|batulanteh,84361
nusatenggarabarat|sumbawa|sumbawa,84311
nusatenggarabarat|sumbawa|moyohilir,84381
nusatenggarabarat|sumbawa|moyohulu,84371
nusatenggarabarat|sumbawa|ropang,84375
nusatenggarabarat|sumbawa|lape,84382
nusatenggarabarat|sumbawa|plampang,84386
nusatenggarabarat|sumbawa|empang,84384
nusatenggarabarat|sumbawa|alasbarat,84354
nusatenggarabarat|sumbawa|labuhanbadas,84316
nusatenggarabarat|sumbawa|labangka,84383
nusatenggarabarat|sumbawa|buer,84355
nusatenggarabarat|sumbawa|rhee,84352
nusatenggarabarat|sumbawa|unteriwes,84310
nusatenggarabarat|sumbawa|moyoutara,84380
nusatenggarabarat|sumbawa|maronge,84387
nusatenggarabarat|sumbawa|tarano,84385
nusatenggarabarat|sumbawa|lopok,84388
nusatenggarabarat|sumbawa|lenangguar,84370
nusatenggarabarat|sumbawa|orongtelu,84374
nusatenggarabarat|sumbawa|lantung,84372
nusatenggarabarat|dompu|dompu,84211
nusatenggarabarat|dompu|kempo,84261
nusatenggarabarat|dompu|huu,84271
nusatenggarabarat|dompu|kilo,84252
nusatenggarabarat|dompu|woja,84216
nusatenggarabarat|dompu|pekat,84260
nusatenggarabarat|dompu|manggalewa,84253
nusatenggarabarat|dompu|pajo,84272
nusatenggarabarat|bima|monta,84172
nusatenggarabarat|bima|bolo,84161
nusatenggarabarat|bima|woha,84171
nusatenggarabarat|bima|belo,84173
nusatenggarabarat|bima|wawo,84184
nusatenggarabarat|bima|sape,84183
nusatenggarabarat|bima|wera,84152
nusatenggarabarat|bima|donggo,84162
nusatenggarabarat|bima|sanggar,84191
nusatenggarabarat|bima|ambalawi,84153
nusatenggarabarat|bima|langgudu,84180
nusatenggarabarat|bima|lambu,84182
nusatenggarabarat|bima|madapangga,84111
nusatenggarabarat|bima|tambora,84190
nusatenggarabarat|bima|soromandi,84163
nusatenggarabarat|bima|parado,84170
nusatenggarabarat|bima|lambitu,84181
nusatenggarabarat|bima|palibelo,84174
nusatenggarabarat|sumbawabarat|jereweh,84456
nusatenggarabarat|sumbawabarat|taliwang,84452
nusatenggarabarat|sumbawabarat|seteluk,84453
nusatenggarabarat|sumbawabarat|sekongkang,84457
nusatenggarabarat|sumbawabarat|brangrea,84455
nusatenggarabarat|sumbawabarat|pototano,84454
nusatenggarabarat|sumbawabarat|brangene,84455
nusatenggarabarat|sumbawabarat|maluk,84459
nusatenggarabarat|lombokutara|tanjung,83350
nusatenggarabarat|lombokutara|gangga,83353
nusatenggarabarat|lombokutara|kayangan,83356
nusatenggarabarat|lombokutara|bayan,83354
nusatenggarabarat|lombokutara|pemenang,83352
nusatenggarabarat|mataram|ampenan,83112
nusatenggarabarat|mataram|mataram,83117
nusatenggarabarat|mataram|cakranegara,83238
nusatenggarabarat|mataram|sekarbela,83115
nusatenggarabarat|mataram|selaprang,83122
nusatenggarabarat|mataram|sandubaya,83232
nusatenggarabarat|bima|rasanaebarat,84111
nusatenggarabarat|bima|rasanaetimur,84114
nusatenggarabarat|bima|asakota,84119
nusatenggarabarat|bima|raba,84113
nusatenggarabarat|bima|mpunda,84111
nusatenggaratimur|kupang|semau,85352
nusatenggaratimur|kupang|kupangbarat,85351
nusatenggaratimur|kupang|kupangtimur,85362
nusatenggaratimur|kupang|sulamu,85368
nusatenggaratimur|kupang|kupangtengah,85361
nusatenggaratimur|kupang|amarasi,85367
nusatenggaratimur|kupang|fatuleu,85371
nusatenggaratimur|kupang|takari,85369
nusatenggaratimur|kupang|amfoangselatan,85373
nusatenggaratimur|kupang|amfoangutara,85365
nusatenggaratimur|kupang|nekamese,85390
nusatenggaratimur|kupang|amarasibarat,85376
nusatenggaratimur|kupang|amarasiselatan,85377
nusatenggaratimur|kupang|amarasitimur,85378
nusatenggaratimur|kupang|amabioefetotimur,85363
nusatenggaratimur|kupang|amfoangbaratdaya,85364
nusatenggaratimur|kupang|amfoangbaratlaut,85372
nusatenggaratimur|kupang|semauselatan,85353
nusatenggaratimur|kupang|taebenu,85360
nusatenggaratimur|kupang|amabioefeto,85362
nusatenggaratimur|kupang|amfoangtimur,85375
nusatenggaratimur|kupang|fatuleubarat,85223
nusatenggaratimur|kupang|fatuleutengah,85220
nusatenggaratimur|kupang|amfoangtengah,85374
nusatenggaratimur|kabtimortengahselatan|soe,85511
nusatenggaratimur|kabtimortengahselatan|molloselatan,85542
nusatenggaratimur|kabtimortengahselatan|molloutara,85552
nusatenggaratimur|kabtimortengahselatan|amanubantimur,85572
nusatenggaratimur|kabtimortengahselatan|amanubantengah,85571
nusatenggaratimur|kabtimortengahselatan|amanubanselatan,85562
nusatenggaratimur|kabtimortengahselatan|amanubanbarat,85514
nusatenggaratimur|kabtimortengahselatan|amanatunselatan,85573
nusatenggaratimur|kabtimortengahselatan|amanatunutara,85574
nusatenggaratimur|kabtimortengahselatan|kie,85575
nusatenggaratimur|kabtimortengahselatan|kuanfatu,85564
nusatenggaratimur|kabtimortengahselatan|fatumnasi,85561
nusatenggaratimur|kabtimortengahselatan|polen,85545
nusatenggaratimur|kabtimortengahselatan|batuputih,85565
nusatenggaratimur|kabtimortengahselatan|boking,85584
nusatenggaratimur|kabtimortengahselatan|toianas,85578
nusatenggaratimur|kabtimortengahselatan|nunkolo,85586
nusatenggaratimur|kabtimortengahselatan|oenino,85583
nusatenggaratimur|kabtimortengahselatan|kolbano,85563
nusatenggaratimur|kabtimortengahselatan|kotolin,85576
nusatenggaratimur|kabtimortengahselatan|kualin,85566
nusatenggaratimur|kabtimortengahselatan|mollobarat,85541
nusatenggaratimur|kabtimortengahselatan|kokbaun,85577
nusatenggaratimur|kabtimortengahselatan|noebana,85585
nusatenggaratimur|kabtimortengahselatan|santian,85587
nusatenggaratimur|kabtimortengahselatan|noebeba,85567
nusatenggaratimur|kabtimortengahselatan|kuatnana,85551
nusatenggaratimur|kabtimortengahselatan|fautmolo,85582
nusatenggaratimur|kabtimortengahselatan|fatukopa,85581
nusatenggaratimur|kabtimortengahselatan|mollotengah,85543
nusatenggaratimur|kabtimortengahselatan|tobu,85552
nusatenggaratimur|kabtimortengahselatan|nunbena,85544
nusatenggaratimur|timortengahutara|miomafotimur,85654
nusatenggaratimur|timortengahutara|miomafobarat,85661
nusatenggaratimur|timortengahutara|bibokiselatan,85680
nusatenggaratimur|timortengahutara|noemuti,85664
nusatenggaratimur|timortengahutara|kefamenanu,85611
nusatenggaratimur|timortengahutara|bibokiutara,85683
nusatenggaratimur|timortengahutara|bibokianleu,85613
nusatenggaratimur|timortengahutara|insana,85671
nusatenggaratimur|timortengahutara|insanautara,85674
nusatenggaratimur|timortengahutara|noemutitimur,85665
nusatenggaratimur|timortengahutara|miomaffotengah,85660
nusatenggaratimur|timortengahutara|musi,85662
nusatenggaratimur|timortengahutara|mutis,85663
nusatenggaratimur|timortengahutara|bikomiselatan,85650
nusatenggaratimur|timortengahutara|bikomitengah,85652
nusatenggaratimur|timortengahutara|bikominilulat,85651
nusatenggaratimur|timortengahutara|bikomiutara,85653
nusatenggaratimur|timortengahutara|naibenu,85655
nusatenggaratimur|timortengahutara|insanafafinesu,85672
nusatenggaratimur|timortengahutara|insanabarat,85670
nusatenggaratimur|timortengahutara|insanatengah,85673
nusatenggaratimur|timortengahutara|bibokitanpah,85684
nusatenggaratimur|timortengahutara|bibokimoenleu,85681
nusatenggaratimur|timortengahutara|bibokifeotleu,85682
nusatenggaratimur|belu|lamaknen,85772
nusatenggaratimur|belu|tasifetotimur,85711
nusatenggaratimur|belu|raihat,85773
nusatenggaratimur|belu|tasifetobarat,85753
nusatenggaratimur|belu|kakulukmesak,85752
nusatenggaratimur|belu|atambua,85711
nusatenggaratimur|belu|raimanuk,85760
nusatenggaratimur|belu|lasiolat,85771
nusatenggaratimur|belu|lamaknenselatan,85770
nusatenggaratimur|belu|atambuabarat,85713
nusatenggaratimur|belu|atambuaselatan,85716
nusatenggaratimur|belu|nanaetduabesi,85751
nusatenggaratimur|alor|telukmutiara,85811
nusatenggaratimur|alor|alorbaratlaut,85851
nusatenggaratimur|alor|alorbaratdaya,85861
nusatenggaratimur|alor|alorselatan,85871
nusatenggaratimur|alor|alortimur,85872
nusatenggaratimur|alor|pantar,85881
nusatenggaratimur|alor|alortengahutara,85870
nusatenggaratimur|alor|alortimurlaut,85873
nusatenggaratimur|alor|pantarbarat,85880
nusatenggaratimur|alor|kabola,85819
nusatenggaratimur|alor|pulaupura,85850
nusatenggaratimur|alor|mataru,85860
nusatenggaratimur|alor|pureman,85874
nusatenggaratimur|alor|pantartimur,85884
nusatenggaratimur|alor|lembur,85875
nusatenggaratimur|alor|pantartengah,85883
nusatenggaratimur|alor|pantarbarulaut,85882
nusatenggaratimur|alor|abadselatan,85861
nusatenggaratimur|florestimur|wulanggitang,86256
nusatenggaratimur|florestimur|titehena,86255
nusatenggaratimur|florestimur|larantuka,86212
nusatenggaratimur|florestimur|ilemandiri,86211
nusatenggaratimur|florestimur|tanjungbunga,86251
nusatenggaratimur|florestimur|solorbarat,86272
nusatenggaratimur|florestimur|solortimur,86271
nusatenggaratimur|florestimur|adonarabarat,86263
nusatenggaratimur|florestimur|wotanulumando,86260
nusatenggaratimur|florestimur|adonaratimur,86261
nusatenggaratimur|florestimur|kelubagolit,86265
nusatenggaratimur|florestimur|witihama,86266
nusatenggaratimur|florestimur|ileboleng,86253
nusatenggaratimur|florestimur|demonpagong,86219
nusatenggaratimur|florestimur|lewolema,86252
nusatenggaratimur|florestimur|ilebura,86254
nusatenggaratimur|florestimur|adonara,86262
nusatenggaratimur|florestimur|adonaratengah,86264
nusatenggaratimur|florestimur|solorselatan,86273
nusatenggaratimur|sikka|paga,86153
nusatenggaratimur|sikka|mego,86113
nusatenggaratimur|sikka|lela,86161
nusatenggaratimur|sikka|nita,86151
nusatenggaratimur|sikka|alok,86112
nusatenggaratimur|sikka|palue,86110
nusatenggaratimur|sikka|nelle,86119
nusatenggaratimur|sikka|talibura,86183
nusatenggaratimur|sikka|waigete,86185
nusatenggaratimur|sikka|kewapante,86182
nusatenggaratimur|sikka|bola,86171
nusatenggaratimur|sikka|magepanda,86152
nusatenggaratimur|sikka|waiblama,86184
nusatenggaratimur|sikka|alokbarat,86114
nusatenggaratimur|sikka|aloktimur,86111
nusatenggaratimur|sikka|koting,86116
nusatenggaratimur|sikka|tanawawo,86154
nusatenggaratimur|sikka|hewokloang,86181
nusatenggaratimur|sikka|kangae,86180
nusatenggaratimur|sikka|doreng,86170
nusatenggaratimur|sikka|mapitara,86172
nusatenggaratimur|ende|nangapanda,86351
nusatenggaratimur|ende|pulauende,86362
nusatenggaratimur|ende|ende,86319
nusatenggaratimur|ende|endeselatan,86313
nusatenggaratimur|ende|ndona,86360
nusatenggaratimur|ende|detusoko,86370
nusatenggaratimur|ende|wewaria,86353
nusatenggaratimur|ende|wolowaru,86373
nusatenggaratimur|ende|wolojita,86382
nusatenggaratimur|ende|maurole,86381
nusatenggaratimur|ende|maukaro,86352
nusatenggaratimur|ende|liotimur,86361
nusatenggaratimur|ende|baru,86111
nusatenggaratimur|ende|kelimutu,86318
nusatenggaratimur|ende|detukeli,86371
nusatenggaratimur|ende|ndonatimur,86363
nusatenggaratimur|ende|ndori,86372
nusatenggaratimur|ende|endeutara,86310
nusatenggaratimur|ende|endetengah,86312
nusatenggaratimur|ende|endetimur,86317
nusatenggaratimur|ende|lepembusukelisoke,86374
nusatenggaratimur|ngada|aimere,86452
nusatenggaratimur|ngada|golewa,86461
nusatenggaratimur|ngada|bajawa,86411
nusatenggaratimur|ngada|soa,86422
nusatenggaratimur|ngada|riung,86419
nusatenggaratimur|ngada|jerebuu,86451
nusatenggaratimur|ngada|riungbarat,86421
nusatenggaratimur|ngada|bajawautara,86413
nusatenggaratimur|ngada|wolomeze,86413
nusatenggaratimur|ngada|golewaselatan,86466
nusatenggaratimur|ngada|golewabarat,86460
nusatenggaratimur|ngada|inerie,86450
nusatenggaratimur|manggarai|waerii,86594
nusatenggaratimur|manggarai|ruteng,86523
nusatenggaratimur|manggarai|satarmese,86561
nusatenggaratimur|manggarai|cibal,86591
nusatenggaratimur|manggarai|reok,86592
nusatenggaratimur|manggarai|langkerembong,86511
nusatenggaratimur|manggarai|satarmesebarat,86560
nusatenggaratimur|manggarai|rahongutara,86522
nusatenggaratimur|manggarai|lelak,86521
nusatenggaratimur|manggarai|reokbarat,86593
nusatenggaratimur|manggarai|cibalbarat,86590
nusatenggaratimur|manggarai|satarmeseutara,86562
nusatenggaratimur|sumbatimur|waingapu,87111
nusatenggaratimur|sumbatimur|haharu,87153
nusatenggaratimur|sumbatimur|lewa,87150
nusatenggaratimur|sumbatimur|nggahaoriangu,87155
nusatenggaratimur|sumbatimur|tabundung,87160
nusatenggaratimur|sumbatimur|pinupahar,87161
nusatenggaratimur|sumbatimur|pandawai,87176
nusatenggaratimur|sumbatimur|umalulu,87180
nusatenggaratimur|sumbatimur|rindi,87181
nusatenggaratimur|sumbatimur|pahungalodu,87182
nusatenggaratimur|sumbatimur|wullawaijelu,87183
nusatenggaratimur|sumbatimur|paberiwai,87175
nusatenggaratimur|sumbatimur|karera,87172
nusatenggaratimur|sumbatimur|kahaungueti,87171
nusatenggaratimur|sumbatimur|matawailapawu,87174
nusatenggaratimur|sumbatimur|kambera,87113
nusatenggaratimur|sumbatimur|kambatamapambuhang,87116
nusatenggaratimur|sumbatimur|lewatidahu,87151
nusatenggaratimur|sumbatimur|katalahamulingu,87152
nusatenggaratimur|sumbatimur|kanatang,87154
nusatenggaratimur|sumbatimur|ngadungala,87172
nusatenggaratimur|sumbatimur|mahu,87170
nusatenggaratimur|sumbabarat|tanarighu,87257
nusatenggaratimur|sumbabarat|loli,87284
nusatenggaratimur|sumbabarat|wanokaka,87272
nusatenggaratimur|sumbabarat|lamboya,87271
nusatenggaratimur|sumbabarat|waikabubak,87211
nusatenggaratimur|sumbabarat|laboyabarat,87270
nusatenggaratimur|lembata|nagawutung,86684
nusatenggaratimur|lembata|atadei,86685
nusatenggaratimur|lembata|ileape,86683
nusatenggaratimur|lembata|lebatukan,86681
nusatenggaratimur|lembata|nubatukan,86611
nusatenggaratimur|lembata|omesuri,86691
nusatenggaratimur|lembata|buyasuri,86692
nusatenggaratimur|lembata|wulandoni,86686
nusatenggaratimur|lembata|ileapetimur,86687
nusatenggaratimur|rotendao|rotebaratdaya,85982
nusatenggaratimur|rotendao|rotebaratlaut,85981
nusatenggaratimur|rotendao|lobalain,85912
nusatenggaratimur|rotendao|rotetengah,85971
nusatenggaratimur|rotendao|pantaibaru,85973
nusatenggaratimur|rotendao|rotetimur,85975
nusatenggaratimur|rotendao|rotebarat,85981
nusatenggaratimur|rotendao|roteselatan,85972
nusatenggaratimur|rotendao|ndaonuse,85983
nusatenggaratimur|rotendao|landuleko,85974
nusatenggaratimur|rotendao|loaholu,86981
nusatenggaratimur|manggaraibarat|macangpacar,86756
nusatenggaratimur|manggaraibarat|kuwus,86752
nusatenggaratimur|manggaraibarat|lembor,86753
nusatenggaratimur|manggaraibarat|sanonggoang,86758
nusatenggaratimur|manggaraibarat|komodo,86763
nusatenggaratimur|manggaraibarat|boleng,86754
nusatenggaratimur|manggaraibarat|welak,86762
nusatenggaratimur|manggaraibarat|ndoso,86750
nusatenggaratimur|manggaraibarat|lemborselatan,86761
nusatenggaratimur|manggaraibarat|mbeliling,86757
nusatenggaratimur|manggaraibarat|pacar,86755
nusatenggaratimur|manggaraibarat|kuwusbarat,86751
nusatenggaratimur|nagekeo|aesesa,86472
nusatenggaratimur|nagekeo|nangaroro,86465
nusatenggaratimur|nagekeo|boawae,86462
nusatenggaratimur|nagekeo|mauponggo,86463
nusatenggaratimur|nagekeo|wolowae,86471
nusatenggaratimur|nagekeo|keotengah,86464
nusatenggaratimur|nagekeo|aesesaselatan,86470
nusatenggaratimur|sumbatengah|katikutana,87282
nusatenggaratimur|sumbatengah|umburatunggaybarat,87281
nusatenggaratimur|sumbatengah|mamboro,87258
nusatenggaratimur|sumbatengah|umburatunggay,87283
nusatenggaratimur|sumbatengah|katikutanaselatan,87280
nusatenggaratimur|sumbatengah|umburatunggaytengah,86981
nusatenggaratimur|sumbabaratdaya|loura,87254
nusatenggaratimur|sumbabaratdaya|wewewautara,87251
nusatenggaratimur|sumbabaratdaya|wewewatimur,87250
nusatenggaratimur|sumbabaratdaya|wewewabarat,87253
nusatenggaratimur|sumbabaratdaya|wewewaselatan,87263
nusatenggaratimur|sumbabaratdaya|kodibangedo,87264
nusatenggaratimur|sumbabaratdaya|kodi,87261
nusatenggaratimur|sumbabaratdaya|kodiutara,87260
nusatenggaratimur|sumbabaratdaya|tambolaka,87255
nusatenggaratimur|sumbabaratdaya|wewewatengah,87252
nusatenggaratimur|sumbabaratdaya|kodibalaghar,87262
nusatenggaratimur|manggaraitimur|borong,86571
nusatenggaratimur|manggaraitimur|pocoranaka,86583
nusatenggaratimur|manggaraitimur|lambaleda,86582
nusatenggaratimur|manggaraitimur|sambirampas,86584
nusatenggaratimur|manggaraitimur|elar,86581
nusatenggaratimur|manggaraitimur|komba,86572
nusatenggaratimur|manggaraitimur|ranamese,86570
nusatenggaratimur|manggaraitimur|pocoranakatimur,86585
nusatenggaratimur|manggaraitimur|elarselatan,86580
nusatenggaratimur|manggaraitimur|kombautara,86572
nusatenggaratimur|manggaraitimur|lambaledautara,86582
nusatenggaratimur|manggaraitimur|congkar,86584
nusatenggaratimur|saburaijua|sabubarat,85395
nusatenggaratimur|saburaijua|sabutengah,85392
nusatenggaratimur|saburaijua|sabutimur,85394
nusatenggaratimur|saburaijua|sabuliae,85396
nusatenggaratimur|saburaijua|hawumehara,85391
nusatenggaratimur|saburaijua|raijua,85393
nusatenggaratimur|malaka|malakatengah,85762
nusatenggaratimur|malaka|malakabarat,85763
nusatenggaratimur|malaka|wewiku,85775
nusatenggaratimur|malaka|weliman,85774
nusatenggaratimur|malaka|rinhat,85764
nusatenggaratimur|malaka|iokufeu,85768
nusatenggaratimur|malaka|sasitamean,85769
nusatenggaratimur|malaka|laenmanen,85718
nusatenggaratimur|malaka|malakatimur,85761
nusatenggaratimur|malaka|kobalimatimur,85767
nusatenggaratimur|malaka|kobalima,85766
nusatenggaratimur|malaka|botinleobele,85765
nusatenggaratimur|kupang|alak,85231
nusatenggaratimur|kupang|maulafa,85141
nusatenggaratimur|kupang|kelapalima,85228
nusatenggaratimur|kupang|oebobo,85111
nusatenggaratimur|kupang|raja,85112
nusatenggaratimur|kupang|lama,85221
kalimantanbarat|sambas|sambas,79460
kalimantanbarat|sambas|telukkeramat,79469
kalimantanbarat|sambas|jawai,79454
kalimantanbarat|sambas|tebas,79461
kalimantanbarat|sambas|pemangkat,79455
kalimantanbarat|sambas|sejangkung,79463
kalimantanbarat|sambas|selakau,79452
kalimantanbarat|sambas|paloh,79466
kalimantanbarat|sambas|sajinganbesar,79467
kalimantanbarat|sambas|subah,79417
kalimantanbarat|sambas|galing,79453
kalimantanbarat|sambas|tekarang,79468
kalimantanbarat|sambas|semparuk,79457
kalimantanbarat|sambas|sajad,79462
kalimantanbarat|sambas|sebawi,79464
kalimantanbarat|sambas|jawaiselatan,79154
kalimantanbarat|sambas|tangaran,79465
kalimantanbarat|sambas|salatiga,79456
kalimantanbarat|sambas|selakautimur,79451
kalimantanbarat|mempawah|mempawahhilir,78911
kalimantanbarat|mempawah|toho,78360
kalimantanbarat|mempawah|sungaipinyuh,78354
kalimantanbarat|mempawah|siantan,78352
kalimantanbarat|mempawah|sungaikunyit,78371
kalimantanbarat|mempawah|segedong,78351
kalimantanbarat|mempawah|anjongan,78353
kalimantanbarat|mempawah|sadaniang,78361
kalimantanbarat|mempawah|mempawahtimur,78915
kalimantanbarat|sanggau|kapuas,78511
kalimantanbarat|sanggau|mukok,78581
kalimantanbarat|sanggau|noyan,78554
kalimantanbarat|sanggau|jangkang,78591
kalimantanbarat|sanggau|bonti,78552
kalimantanbarat|sanggau|beduai,78555
kalimantanbarat|sanggau|sekayam,78556
kalimantanbarat|sanggau|kembayan,78553
kalimantanbarat|sanggau|parindu,78561
kalimantanbarat|sanggau|tayanhulu,78562
kalimantanbarat|sanggau|tayanhilir,78564
kalimantanbarat|sanggau|balai,78563
kalimantanbarat|sanggau|toba,78572
kalimantanbarat|sanggau|meliau,78571
kalimantanbarat|sanggau|entikong,78557
kalimantanbarat|ketapang|matanhilirutara,78813
kalimantanbarat|ketapang|marau,78865
kalimantanbarat|ketapang|manismata,78864
kalimantanbarat|ketapang|kendawangan,78862
kalimantanbarat|ketapang|sandai,78870
kalimantanbarat|ketapang|sungailaur,78872
kalimantanbarat|ketapang|simpanghulu,78850
kalimantanbarat|ketapang|nangatayap,78873
kalimantanbarat|ketapang|matanhilirselatan,78822
kalimantanbarat|ketapang|tumbangtiti,78877
kalimantanbarat|ketapang|jelaihulu,78876
kalimantanbarat|ketapang|deltapawan,78811
kalimantanbarat|ketapang|muarapawan,78810
kalimantanbarat|ketapang|benuakayong,78821
kalimantanbarat|ketapang|hulusungai,78871
kalimantanbarat|ketapang|simpangdua,78854
kalimantanbarat|ketapang|airupas,78863
kalimantanbarat|ketapang|singkup,78866
kalimantanbarat|ketapang|pemahan,78874
kalimantanbarat|ketapang|sungaimelayurayak,78875
kalimantanbarat|sintang|sintang,78611
kalimantanbarat|sintang|tempunak,78661
kalimantanbarat|sintang|sepauk,78662
kalimantanbarat|sintang|ketungauhilir,78652
kalimantanbarat|sintang|ketungautengah,78653
kalimantanbarat|sintang|ketungauhulu,78654
kalimantanbarat|sintang|dedai,78691
kalimantanbarat|sintang|kayanhilir,78693
kalimantanbarat|sintang|kayanhulu,78694
kalimantanbarat|sintang|serawai,78683
kalimantanbarat|sintang|ambalau,78684
kalimantanbarat|sintang|kelampermai,78656
kalimantanbarat|sintang|sungaitebelian,78655
kalimantanbarat|sintang|binjaihulu,78663
kalimantanbarat|kapuashulu|putussibauutara,78716
kalimantanbarat|kapuashulu|bika,78753
kalimantanbarat|kapuashulu|embalohhilir,78754
kalimantanbarat|kapuashulu|embalohhulu,78755
kalimantanbarat|kapuashulu|bunuthilir,78761
kalimantanbarat|kapuashulu|bunuthulu,78762
kalimantanbarat|kapuashulu|jongkong,78763
kalimantanbarat|kapuashulu|hulugurung,78764
kalimantanbarat|kapuashulu|selimbau,78765
kalimantanbarat|kapuashulu|semitau,78771
kalimantanbarat|kapuashulu|seberuang,78772
kalimantanbarat|kapuashulu|batanglupar,78766
kalimantanbarat|kapuashulu|empanang,78768
kalimantanbarat|kapuashulu|badau,78767
kalimantanbarat|kapuashulu|silathilir,78773
kalimantanbarat|kapuashulu|silathulu,78774
kalimantanbarat|kapuashulu|putussibauselatan,78714
kalimantanbarat|kapuashulu|kalis,78756
kalimantanbarat|kapuashulu|boyantanjung,78758
kalimantanbarat|kapuashulu|mentebah,78757
kalimantanbarat|kapuashulu|pengkadan,78759
kalimantanbarat|kapuashulu|suhaid,78775
kalimantanbarat|kapuashulu|puringkencana,78769
kalimantanbarat|bengkayang|sungairaya,79272
kalimantanbarat|bengkayang|samalantan,79280
kalimantanbarat|bengkayang|ledo,79283
kalimantanbarat|bengkayang|bengkayang,79211
kalimantanbarat|bengkayang|seluas,79285
kalimantanbarat|bengkayang|sanggauledo,79284
kalimantanbarat|bengkayang|jagoibabang,79286
kalimantanbarat|bengkayang|monterado,79181
kalimantanbarat|bengkayang|teriak,79214
kalimantanbarat|bengkayang|sutisemarang,79288
kalimantanbarat|bengkayang|capkala,79271
kalimantanbarat|bengkayang|siding,79287
kalimantanbarat|bengkayang|lumar,79282
kalimantanbarat|bengkayang|sungaibetung,79211
kalimantanbarat|bengkayang|sungairayakepulauan,79273
kalimantanbarat|bengkayang|lembahbawang,79281
kalimantanbarat|bengkayang|tujuhbelas,79250
kalimantanbarat|landak|ngabang,79354
kalimantanbarat|landak|mempawahhulu,79363
kalimantanbarat|landak|menjalin,79362
kalimantanbarat|landak|mandor,79355
kalimantanbarat|landak|airbesar,79365
kalimantanbarat|landak|menyuke,79360
kalimantanbarat|landak|sengahtemila,79356
kalimantanbarat|landak|meranti,79366
kalimantanbarat|landak|kualabehe,79367
kalimantanbarat|landak|sebangki,79358
kalimantanbarat|landak|jelimpo,79357
kalimantanbarat|landak|banyukehulu,79364
kalimantanbarat|landak|sompak,79361
kalimantanbarat|sekadau|sekadauhilir,79511
kalimantanbarat|sekadau|sekadauhulu,79583
kalimantanbarat|sekadau|nangataman,79584
kalimantanbarat|sekadau|nangamahap,79585
kalimantanbarat|sekadau|belitanghilir,79586
kalimantanbarat|sekadau|belitanghulu,79587
kalimantanbarat|sekadau|belitang,79588
kalimantanbarat|melawi|belimbing,79671
kalimantanbarat|melawi|nangapinoh,79672
kalimantanbarat|melawi|ellahilir,79681
kalimantanbarat|melawi|menukung,79682
kalimantanbarat|melawi|sayan,79673
kalimantanbarat|melawi|tanahpinoh,79674
kalimantanbarat|melawi|sokan,79675
kalimantanbarat|melawi|pinohutara,79678
kalimantanbarat|melawi|pinohselatan,79677
kalimantanbarat|melawi|belimbinghulu,79670
kalimantanbarat|melawi|tanahpinohbarat,79676
kalimantanbarat|kayongutara|sukadana,78852
kalimantanbarat|kayongutara|simpanghilir,78853
kalimantanbarat|kayongutara|telukbatang,78856
kalimantanbarat|kayongutara|pulaumaya,78858
kalimantanbarat|kayongutara|seponti,78857
kalimantanbarat|kayongutara|kepulauankarimata,78855
kalimantanbarat|kuburaya|sungairaya,78234
kalimantanbarat|kuburaya|kualamandorb,78355
kalimantanbarat|kuburaya|sungaiambawang,78393
kalimantanbarat|kuburaya|terentang,78392
kalimantanbarat|kuburaya|batuampar,78385
kalimantanbarat|kuburaya|kubu,78384
kalimantanbarat|kuburaya|rasaujaya,78381
kalimantanbarat|kuburaya|telukpakedai,78383
kalimantanbarat|kuburaya|sungaikakap,78380
kalimantanbarat|pontianak|pontianakselatan,78121
kalimantanbarat|pontianak|pontianaktimur,78132
kalimantanbarat|pontianak|pontianakbarat,78113
kalimantanbarat|pontianak|pontianakutara,78241
kalimantanbarat|pontianak|pontianakkota,78111
kalimantanbarat|pontianak|pontianaktenggara,78124
kalimantanbarat|singkawang|singkawangtengah,79111
kalimantanbarat|singkawang|singkawangbarat,79121
kalimantanbarat|singkawang|singkawangtimur,79251
kalimantanbarat|singkawang|singkawangutara,79151
kalimantanbarat|singkawang|singkawangselatan,79163
kalimantantengah|kotawaringinbarat|kumai,74181
kalimantantengah|kotawaringinbarat|arutselatan,74111
kalimantantengah|kotawaringinbarat|kotawaringinlama,74161
kalimantantengah|kotawaringinbarat|arututara,74152
kalimantantengah|kotawaringinbarat|pangkalanlada,74184
kalimantantengah|kotawaringinbarat|pangkalanbanteng,74183
kalimantantengah|kotawaringintimur|besi,74353
kalimantantengah|kotawaringintimur|cempaga,74354
kalimantantengah|kotawaringintimur|mentayahulu,74357
kalimantantengah|kotawaringintimur|parenggean,74355
kalimantantengah|kotawaringintimur|baamang,74311
kalimantantengah|kotawaringintimur|mentawabaruketapang,74321
kalimantantengah|kotawaringintimur|mentayahilirutara,74361
kalimantantengah|kotawaringintimur|mentayahilirselatan,74363
kalimantantengah|kotawaringintimur|pulauhanaut,74362
kalimantantengah|kotawaringintimur|antangkalang,74352
kalimantantengah|kotawaringintimur|teluksampit,74364
kalimantantengah|kotawaringintimur|seranau,74314
kalimantantengah|kotawaringintimur|cempagahulu,74359
kalimantantengah|kotawaringintimur|telawang,74350
kalimantantengah|kotawaringintimur|bukitsantuai,74356
kalimantantengah|kotawaringintimur|tualanhulu,74358
kalimantantengah|kotawaringintimur|telagaantang,74352
kalimantantengah|kapuas|selat,73512
kalimantantengah|kapuas|kapuashilir,73521
kalimantantengah|kapuas|kapuastimur,73581
kalimantantengah|kapuas|kapuaskuala,73583
kalimantantengah|kapuas|kapuasbarat,73552
kalimantantengah|kapuas|pulaupetak,73592
kalimantantengah|kapuas|kapuasmurung,73594
kalimantantengah|kapuas|basarang,73564
kalimantantengah|kapuas|mantangai,73553
kalimantantengah|kapuas|timpah,73554
kalimantantengah|kapuas|kapuastengah,73555
kalimantantengah|kapuas|kapuashulu,74581
kalimantantengah|kapuas|tambancatur,73582
kalimantantengah|kapuas|pasaktalawang,73557
kalimantantengah|kapuas|mandautalawang,73556
kalimantantengah|kapuas|dadahup,73593
kalimantantengah|kapuas|bataguh,73511
kalimantantengah|baritoselatan|jenamas,73763
kalimantantengah|baritoselatan|dusunhilir,73762
kalimantantengah|baritoselatan|karaukuala,73761
kalimantantengah|baritoselatan|dusunutara,73752
kalimantantengah|baritoselatan|gnbintangawai,73753
kalimantantengah|baritoselatan|dusunselatan,73711
kalimantantengah|baritoutara|montallat,73861
kalimantantengah|baritoutara|gunungtimang,73862
kalimantantengah|baritoutara|gunungpurei,73871
kalimantantengah|baritoutara|tewehtimur,73881
kalimantantengah|baritoutara|tewehtengah,73811
kalimantantengah|baritoutara|lahei,73852
kalimantantengah|baritoutara|tewehbaru,73813
kalimantantengah|baritoutara|tewehselatan,73814
kalimantantengah|baritoutara|laheibarat,73853
kalimantantengah|katingan|kamipang,74462
kalimantantengah|katingan|katinganhilir,74413
kalimantantengah|katingan|tewangsangalanggaring,74452
kalimantantengah|katingan|pulaumalan,74453
kalimantantengah|katingan|katingantengah,74454
kalimantantengah|katingan|sanamanmantikei,74451
kalimantantengah|katingan|marikit,74456
kalimantantengah|katingan|katinganhulu,74458
kalimantantengah|katingan|mendawai,74464
kalimantantengah|katingan|katingankuala,74463
kalimantantengah|katingan|tasikpayawan,74461
kalimantantengah|katingan|petakmalai,74455
kalimantantengah|katingan|bukitraya,74457
kalimantantengah|seruyan|seruyanhilir,74213
kalimantantengah|seruyan|seruyantengah,74280
kalimantantengah|seruyan|danausembuluh,74261
kalimantantengah|seruyan|hanau,74270
kalimantantengah|seruyan|seruyanhulu,74291
kalimantantengah|seruyan|seruyanhilirtimur,74213
kalimantantengah|seruyan|seruyanraya,74260
kalimantantengah|seruyan|danauseluluk,74271
kalimantantengah|seruyan|batuampar,74281
kalimantantengah|seruyan|sulingtambun,74290
kalimantantengah|sukamara|sukamara,74172
kalimantantengah|sukamara|jelai,74171
kalimantantengah|sukamara|balairiam,74173
kalimantantengah|sukamara|pantailunci,74170
kalimantantengah|sukamara|permatakecubung,74174
kalimantantengah|lamandau|lamandau,74660
kalimantantengah|lamandau|delang,74665
kalimantantengah|lamandau|bulik,74162
kalimantantengah|lamandau|buliktimur,74163
kalimantantengah|lamandau|menthobiraya,74164
kalimantantengah|lamandau|sematujaya,74165
kalimantantengah|lamandau|belantikanraya,74663
kalimantantengah|lamandau|batangkawa,74664
kalimantantengah|gunungmas|sepang,74570
kalimantantengah|gunungmas|kurun,74511
kalimantantengah|gunungmas|tewah,74552
kalimantantengah|gunungmas|kahayanhuluutara,74554
kalimantantengah|gunungmas|rungan,74560
kalimantantengah|gunungmas|manuhing,74562
kalimantantengah|gunungmas|mihingraya,74571
kalimantantengah|gunungmas|damangbatu,74553
kalimantantengah|gunungmas|mirimanasa,74555
kalimantantengah|gunungmas|runganhulu,74561
kalimantantengah|gunungmas|manuhingraya,74563
kalimantantengah|gunungmas|runganbarat,74561
kalimantantengah|pulangpisau|pandihbatu,74871
kalimantantengah|pulangpisau|kahayankuala,74872
kalimantantengah|pulangpisau|kahayantengah,74862
kalimantantengah|pulangpisau|banamatingang,74863
kalimantantengah|pulangpisau|kahayanhilir,74812
kalimantantengah|pulangpisau|maliku,74873
kalimantantengah|pulangpisau|jabiren,74816
kalimantantengah|pulangpisau|sebangaukuala,74874
kalimantantengah|murungraya|murung,73911
kalimantantengah|murungraya|tanahsiang,73961
kalimantantengah|murungraya|laungtuhup,73992
kalimantantengah|murungraya|permataintan,73971
kalimantantengah|murungraya|sumberbarito,73982
kalimantantengah|murungraya|baritotuhupraya,73991
kalimantantengah|murungraya|tanahsiangselatan,73960
kalimantantengah|murungraya|sungaibabuat,73970
kalimantantengah|murungraya|seriburiam,73981
kalimantantengah|murungraya|uutmurung,73983
kalimantantengah|baritotimur|dusuntimur,73612
kalimantantengah|baritotimur|banualima,73661
kalimantantengah|baritotimur|patangkeptutui,73671
kalimantantengah|baritotimur|awang,73681
kalimantantengah|baritotimur|dusuntengah,73652
kalimantantengah|baritotimur|pematangkarau,73653
kalimantantengah|baritotimur|pajuepat,73617
kalimantantengah|baritotimur|rarenbatuah,73655
kalimantantengah|baritotimur|paku,73654
kalimantantengah|baritotimur|karusenjanang,73650
kalimantantengah|palangkaraya|pahandut,73111
kalimantantengah|palangkaraya|bukitbatu,73221
kalimantantengah|palangkaraya|jekanraya,73111
kalimantantengah|palangkaraya|sabangau,73113
kalimantantengah|palangkaraya|rakumpit,73227
kalimantanselatan|tanahlaut|takisung,70861
kalimantanselatan|tanahlaut|jorong,70881
kalimantanselatan|tanahlaut|pelaihari,70812
kalimantanselatan|tanahlaut|kurau,70851
kalimantanselatan|tanahlaut|batibati,70852
kalimantanselatan|tanahlaut|panyipatan,70871
kalimantanselatan|tanahlaut|kintap,70883
kalimantanselatan|tanahlaut|tambangulang,70854
kalimantanselatan|tanahlaut|batuampar,70882
kalimantanselatan|tanahlaut|bajuin,70815
kalimantanselatan|tanahlaut|bumimakmur,70853
kalimantanselatan|kotabaru|pulausembilan,72181
kalimantanselatan|kotabaru|pulaulautbarat,72153
kalimantanselatan|kotabaru|pulaulautselatan,72157
kalimantanselatan|kotabaru|pulaulauttimur,72152
kalimantanselatan|kotabaru|pulausebuku,72155
kalimantanselatan|kotabaru|pulaulaututara,72114
kalimantanselatan|kotabaru|kelumpangselatan,72160
kalimantanselatan|kotabaru|kelumpanghulu,72162
kalimantanselatan|kotabaru|kelumpangtengah,72164
kalimantanselatan|kotabaru|kelumpangutara,72165
kalimantanselatan|kotabaru|pamukanselatan,72168
kalimantanselatan|kotabaru|sampanahan,72166
kalimantanselatan|kotabaru|pamukanutara,72169
kalimantanselatan|kotabaru|hampang,72163
kalimantanselatan|kotabaru|sungaidurian,72167
kalimantanselatan|kotabaru|pulaulauttengah,72156
kalimantanselatan|kotabaru|kelumpanghilir,72161
kalimantanselatan|kotabaru|kelumpangbarat,72164
kalimantanselatan|kotabaru|pamukanbarat,72169
kalimantanselatan|kotabaru|pulaulautkepulauan,72154
kalimantanselatan|kotabaru|pulaulauttanjungselayar,72151
kalimantanselatan|kotabaru|pulaulautsigam,72111
kalimantanselatan|banjar|aluhaluh,70655
kalimantanselatan|banjar|kertakhanyar,70654
kalimantanselatan|banjar|gambut,70652
kalimantanselatan|banjar|sungaitabuk,70653
kalimantanselatan|banjar|martapura,70611
kalimantanselatan|banjar|karangintan,70661
kalimantanselatan|banjar|astambul,70670
kalimantanselatan|banjar|simpangempat,70653
kalimantanselatan|banjar|pengarom,70674
kalimantanselatan|banjar|sungaipinang,70678
kalimantanselatan|banjar|aranio,70671
kalimantanselatan|banjar|mataraman,70672
kalimantanselatan|banjar|beruntungbaru,70656
kalimantanselatan|banjar|martapurabarat,70618
kalimantanselatan|banjar|martapuratimur,70617
kalimantanselatan|banjar|sambungmakmur,70677
kalimantanselatan|banjar|paramasan,70675
kalimantanselatan|banjar|telagabauntung,70673
kalimantanselatan|banjar|tatahmakmur,70650
kalimantanselatan|banjar|cintapuridarussalam,70676
kalimantanselatan|baritokuala|tabunganen,70567
kalimantanselatan|baritokuala|tamban,70566
kalimantanselatan|baritokuala|anjirpasar,70565
kalimantanselatan|baritokuala|anjirmuara,70564
kalimantanselatan|baritokuala|alalak,70582
kalimantanselatan|baritokuala|mandastana,70580
kalimantanselatan|baritokuala|rantaubadauh,70561
kalimantanselatan|baritokuala|belawang,70563
kalimantanselatan|baritokuala|cerbon,70571
kalimantanselatan|baritokuala|bakumpai,70512
kalimantanselatan|baritokuala|kuripan,70552
kalimantanselatan|baritokuala|tabukan,70553
kalimantanselatan|baritokuala|mekarsari,70568
kalimantanselatan|baritokuala|barambai,70562
kalimantanselatan|baritokuala|marabahan,70511
kalimantanselatan|baritokuala|wanaraya,70560
kalimantanselatan|baritokuala|jejangkit,70581
kalimantanselatan|tapin|binuang,71183
kalimantanselatan|tapin|tapinselatan,71181
kalimantanselatan|tapin|tapintengah,71161
kalimantanselatan|tapin|tapinutara,71111
kalimantanselatan|tapin|candilarasselatan,71162
kalimantanselatan|tapin|candilarasutara,71171
kalimantanselatan|tapin|bakarangan,71152
kalimantanselatan|tapin|piani,71191
kalimantanselatan|tapin|bungur,71153
kalimantanselatan|tapin|lokpaikat,71154
kalimantanselatan|tapin|salambabaris,71185
kalimantanselatan|tapin|hatungun,71184
kalimantanselatan|hulusungaiselatan|sungairaya,71271
kalimantanselatan|hulusungaiselatan|padangbatung,71281
kalimantanselatan|hulusungaiselatan|telagalangsat,71292
kalimantanselatan|hulusungaiselatan|angkinang,71291
kalimantanselatan|hulusungaiselatan|kandangan,71211
kalimantanselatan|hulusungaiselatan|simpur,71261
kalimantanselatan|hulusungaiselatan|dahaselatan,71251
kalimantanselatan|hulusungaiselatan|dahautara,71253
kalimantanselatan|hulusungaiselatan|kalumpang,71262
kalimantanselatan|hulusungaiselatan|loksado,71282
kalimantanselatan|hulusungaiselatan|dahabarat,71252
kalimantanselatan|hulusungaitengah|haruyan,71363
kalimantanselatan|hulusungaitengah|batubenawa,71371
kalimantanselatan|hulusungaitengah|labuanamasselatan,71361
kalimantanselatan|hulusungaitengah|labuanamasutara,71362
kalimantanselatan|hulusungaitengah|pandawan,71352
kalimantanselatan|hulusungaitengah|barabai,71311
kalimantanselatan|hulusungaitengah|batangalaiselatan,71381
kalimantanselatan|hulusungaitengah|batangalaiutara,71391
kalimantanselatan|hulusungaitengah|hantakan,71372
kalimantanselatan|hulusungaitengah|batangalaitimur,71382
kalimantanselatan|hulusungaitengah|limpasu,71392
kalimantanselatan|hulusungaiutara|danaupanggang,71453
kalimantanselatan|hulusungaiutara|babirik,71454
kalimantanselatan|hulusungaiutara|sungaipandan,71455
kalimantanselatan|hulusungaiutara|amuntaiselatan,71452
kalimantanselatan|hulusungaiutara|amuntaitengah,71412
kalimantanselatan|hulusungaiutara|amuntaiutara,71471
kalimantanselatan|hulusungaiutara|banjang,71416
kalimantanselatan|hulusungaiutara|haurgading,71472
kalimantanselatan|hulusungaiutara|paminggir,71451
kalimantanselatan|hulusungaiutara|sungaitabukan,71456
kalimantanselatan|tabalong|banualawas,71553
kalimantanselatan|tabalong|kelua,71552
kalimantanselatan|tabalong|tanta,71561
kalimantanselatan|tabalong|tanjung,71512
kalimantanselatan|tabalong|haruai,71570
kalimantanselatan|tabalong|murungpudak,71571
kalimantanselatan|tabalong|muarauya,71573
kalimantanselatan|tabalong|muaraharus,71555
kalimantanselatan|tabalong|pugaan,71554
kalimantanselatan|tabalong|upau,71575
kalimantanselatan|tabalong|jaro,71574
kalimantanselatan|tabalong|bintangara,71572
kalimantanselatan|tanahbumbu|batulicin,72211
kalimantanselatan|tanahbumbu|kusanhilir,72273
kalimantanselatan|tanahbumbu|sungailoban,72274
kalimantanselatan|tanahbumbu|satui,72276
kalimantanselatan|tanahbumbu|kusanhulu,72270
kalimantanselatan|tanahbumbu|simpangempat,72211
kalimantanselatan|tanahbumbu|karangbintang,72211
kalimantanselatan|tanahbumbu|mantewe,72211
kalimantanselatan|tanahbumbu|angsana,72275
kalimantanselatan|tanahbumbu|kuranji,72272
kalimantanselatan|tanahbumbu|kusantengah,72273
kalimantanselatan|tanahbumbu|telukkepayang,72270
kalimantanselatan|balangan|juai,71665
kalimantanselatan|balangan|halong,71666
kalimantanselatan|balangan|awayan,71664
kalimantanselatan|balangan|batumandi,71663
kalimantanselatan|balangan|lampihong,71661
kalimantanselatan|balangan|paringin,71614
kalimantanselatan|balangan|paringinselatan,71617
kalimantanselatan|balangan|tebingtinggi,71667
kalimantanselatan|banjarmasin|banjarmasinselatan,70241
kalimantanselatan|banjarmasin|banjarmasintimur,70234
kalimantanselatan|banjarmasin|banjarmasinbarat,70112
kalimantanselatan|banjarmasin|banjarmasinutara,70121
kalimantanselatan|banjarmasin|banjarmasintengah,70111
kalimantanselatan|banjarbaru|landasanulin,70721
kalimantanselatan|banjarbaru|cempaka,70731
kalimantanselatan|banjarbaru|banjarbaruutara,70714
kalimantanselatan|banjarbaru|banjarbaruselatan,70713
kalimantanselatan|banjarbaru|lianganggang,70722
kalimantantimur|paser|batusopang,76252
kalimantantimur|paser|tanjungharapan,76260
kalimantantimur|paser|paserbelengkong,76271
kalimantantimur|paser|tanahgrogot,76251
kalimantantimur|paser|kuaro,76281
kalimantantimur|paser|longikis,76282
kalimantantimur|paser|muarakomam,76253
kalimantantimur|paser|longkali,76283
kalimantantimur|paser|batuengau,76261
kalimantantimur|paser|muarasamu,76250
kalimantantimur|kutaikartanegara|muaramuntai,75562
kalimantantimur|kutaikartanegara|loakulu,75571
kalimantantimur|kutaikartanegara|loajanan,75391
kalimantantimur|kutaikartanegara|anggana,75381
kalimantantimur|kutaikartanegara|muarabadak,75382
kalimantantimur|kutaikartanegara|tenggarong,75511
kalimantantimur|kutaikartanegara|sebulu,75552
kalimantantimur|kutaikartanegara|bangun,75561
kalimantantimur|kutaikartanegara|kenohan,75564
kalimantantimur|kutaikartanegara|kembangjanggut,75557
kalimantantimur|kutaikartanegara|muarakaman,75553
kalimantantimur|kutaikartanegara|tabang,75558
kalimantantimur|kutaikartanegara|samboja,75271
kalimantantimur|kutaikartanegara|muarajawa,75261
kalimantantimur|kutaikartanegara|sangasanga,75251
kalimantantimur|kutaikartanegara|tenggarongseberang,75572
kalimantantimur|kutaikartanegara|marangkayu,75385
kalimantantimur|kutaikartanegara|muarawis,75559
kalimantantimur|kutaikartanegara|bangundarat,75561
kalimantantimur|kutaikartanegara|sembojabarat,75271
kalimantantimur|berau|kelay,77362
kalimantantimur|berau|talisayan,77375
kalimantantimur|berau|sambaliung,77371
kalimantantimur|berau|segah,77361
kalimantantimur|berau|tanjungredeb,77311
kalimantantimur|berau|gunungtabur,77352
kalimantantimur|berau|pulauderawan,77380
kalimantantimur|berau|bidukbiduk,77373
kalimantantimur|berau|telukbayur,77313
kalimantantimur|berau|tabalar,77374
kalimantantimur|berau|maratua,77381
kalimantantimur|berau|batuputih,77372
kalimantantimur|berau|biatan,77372
kalimantantimur|kutaibarat|longiram,75766
kalimantantimur|kutaibarat|melak,75765
kalimantantimur|kutaibarat|barongtongkok,75776
kalimantantimur|kutaibarat|damai,75777
kalimantantimur|kutaibarat|muaralawa,75775
kalimantantimur|kutaibarat|muarapahu,75774
kalimantantimur|kutaibarat|jempang,75773
kalimantantimur|kutaibarat|bongan,75772
kalimantantimur|kutaibarat|penyinggahan,75763
kalimantantimur|kutaibarat|bentianbesar,75778
kalimantantimur|kutaibarat|linggangbigung,75576
kalimantantimur|kutaibarat|nyuatan,75776
kalimantantimur|kutaibarat|siluqngurai,75771
kalimantantimur|kutaibarat|mookmanaarbulatn,75765
kalimantantimur|kutaibarat|tering,75760
kalimantantimur|kutaibarat|sekolaqdarat,75764
kalimantantimur|kutaitimur|muaraancalong,75556
kalimantantimur|kutaitimur|muarawahau,75655
kalimantantimur|kutaitimur|muarabengkal,75656
kalimantantimur|kutaitimur|sangattautara,75681
kalimantantimur|kutaitimur|sangkulirang,75686
kalimantantimur|kutaitimur|busang,75556
kalimantantimur|kutaitimur|telen,75554
kalimantantimur|kutaitimur|kombeng,75555
kalimantantimur|kutaitimur|bengalon,75618
kalimantantimur|kutaitimur|kaliorang,75617
kalimantantimur|kutaitimur|sandaran,75685
kalimantantimur|kutaitimur|sangattaselatan,75680
kalimantantimur|kutaitimur|telukpandan,75682
kalimantantimur|kutaitimur|rantaupulung,75683
kalimantantimur|kutaitimur|kaubun,75619
kalimantantimur|kutaitimur|karangan,75684
kalimantantimur|kutaitimur|batuampar,75654
kalimantantimur|kutaitimur|longmesangat,75654
kalimantantimur|penajampaserutara|penajam,76141
kalimantantimur|penajampaserutara|waru,76284
kalimantantimur|penajampaserutara|babulu,76285
kalimantantimur|penajampaserutara|sepaku,76146
kalimantantimur|mahakamulu|longbagun,75767
kalimantantimur|mahakamulu|longhubung,75770
kalimantantimur|mahakamulu|laham,75779
kalimantantimur|mahakamulu|longapari,75769
kalimantantimur|mahakamulu|longpahangai,75768
kalimantantimur|balikpapan|balikpapantimur,76116
kalimantantimur|balikpapan|balikpapanbarat,76131
kalimantantimur|balikpapan|balikpapanutara,76125
kalimantantimur|balikpapan|balikpapantengah,76121
kalimantantimur|balikpapan|balikpapanselatan,76114
kalimantantimur|balikpapan|balikpapankota,76111
kalimantantimur|samarinda|palaran,75241
kalimantantimur|samarinda|samarindaseberang,75131
kalimantantimur|samarinda|samarindaulu,75122
kalimantantimur|samarinda|samarindailir,75114
kalimantantimur|samarinda|samarindautara,75118
kalimantantimur|samarinda|sungaikunjang,75125
kalimantantimur|samarinda|sambutan,75114
kalimantantimur|samarinda|sungaipinang,75117
kalimantantimur|samarinda|samarindakota,75111
kalimantantimur|samarinda|loajananilir,75131
kalimantantimur|bontang|bontangutara,75311
kalimantantimur|bontang|bontangselatan,75321
kalimantantimur|bontang|bontangbarat,75313
kalimantanutara|bulungan|tanjungpalas,77211
kalimantanutara|bulungan|tanjungpalasbarat,77217
kalimantanutara|bulungan|tanjungpalasutara,77218
kalimantanutara|bulungan|tanjungpalastimur,77215
kalimantanutara|bulungan|tanjungselor,77211
kalimantanutara|bulungan|tanjungpalastengah,77216
kalimantanutara|bulungan|peso,77261
kalimantanutara|bulungan|pesohilir,77262
kalimantanutara|bulungan|sekatak,77263
kalimantanutara|bulungan|bunyu,77281
kalimantanutara|malinau|mentarang,77555
kalimantanutara|malinau|malinaukota,77550
kalimantanutara|malinau|pujungan,77563
kalimantanutara|malinau|kayanhilir,77571
kalimantanutara|malinau|kayanhulu,77572
kalimantanutara|malinau|malinauselatan,77551
kalimantanutara|malinau|malinauutara,77557
kalimantanutara|malinau|malinaubarat,77554
kalimantanutara|malinau|sungaiboh,77574
kalimantanutara|malinau|kayanselatan,77573
kalimantanutara|malinau|bahauhulu,77562
kalimantanutara|malinau|mentaranghulu,77155
kalimantanutara|malinau|malinauselatanhilir,77552
kalimantanutara|malinau|malinauselatanhulu,77553
kalimantanutara|malinau|sungaitubu,77556
kalimantanutara|nunukan|sebatik,77483
kalimantanutara|nunukan|nunukan,77482
kalimantanutara|nunukan|sembakung,77453
kalimantanutara|nunukan|lumbis,77457
kalimantanutara|nunukan|krayan,77456
kalimantanutara|nunukan|sebuku,77481
kalimantanutara|nunukan|krayanselatan,77454
kalimantanutara|nunukan|sebatikbarat,77486
kalimantanutara|nunukan|nunukanselatan,77480
kalimantanutara|nunukan|sebatiktimur,77488
kalimantanutara|nunukan|sebatikutara,77489
kalimantanutara|nunukan|sebatiktengah,77487
kalimantanutara|nunukan|seimenggaris,77484
kalimantanutara|nunukan|tulinonsoi,77485
kalimantanutara|nunukan|lumbisogong,77450
kalimantanutara|nunukan|sembakungatulai,77452
kalimantanutara|nunukan|krayantengah,77458
kalimantanutara|nunukan|krayantimur,77459
kalimantanutara|nunukan|krayanbarat,77455
kalimantanutara|nunukan|lumbispansiangan,77450
kalimantanutara|nunukan|lumbishulu,77450
kalimantanutara|tanatidung|sesayap,77151
kalimantanutara|tanatidung|sesayaphilir,77153
kalimantanutara|tanatidung|tanalia,77451
kalimantanutara|tanatidung|betayau,77152
kalimantanutara|tanatidung|murukrian,77154
kalimantanutara|tarakan|tarakanbarat,77111
kalimantanutara|tarakan|tarakantengah,77113
kalimantanutara|tarakan|tarakantimur,77115
kalimantanutara|tarakan|tarakanutara,77116
sulawesiutara|bolaangmongondow|sangtombolang,95742
sulawesiutara|bolaangmongondow|dumogabarat,95731
sulawesiutara|bolaangmongondow|dumogatimur,95736
sulawesiutara|bolaangmongondow|dumogautara,95734
sulawesiutara|bolaangmongondow|lolak,95741
sulawesiutara|bolaangmongondow|bolaang,95752
sulawesiutara|bolaangmongondow|lolayan,95737
sulawesiutara|bolaangmongondow|passibarat,95751
sulawesiutara|bolaangmongondow|poigar,95753
sulawesiutara|bolaangmongondow|passitimur,95750
sulawesiutara|bolaangmongondow|bolaangtimur,95754
sulawesiutara|bolaangmongondow|bilalang,95755
sulawesiutara|bolaangmongondow|dumoga,95733
sulawesiutara|bolaangmongondow|dumogatenggara,95735
sulawesiutara|bolaangmongondow|dumogatengah,95732
sulawesiutara|minahasa|tondanobarat,95615
sulawesiutara|minahasa|tondanotimur,95611
sulawesiutara|minahasa|eris,95683
sulawesiutara|minahasa|kombi,95684
sulawesiutara|minahasa|lembeantimur,95685
sulawesiutara|minahasa|kakas,95680
sulawesiutara|minahasa|tompaso,95693
sulawesiutara|minahasa|remboken,95681
sulawesiutara|minahasa|langowantimur,95696
sulawesiutara|minahasa|langowanbarat,95694
sulawesiutara|minahasa|sonder,95691
sulawesiutara|minahasa|kawangkoan,95690
sulawesiutara|minahasa|pineleng,95662
sulawesiutara|minahasa|tombulu,95663
sulawesiutara|minahasa|tombariri,95651
sulawesiutara|minahasa|tondanoutara,95610
sulawesiutara|minahasa|langowanselatan,95695
sulawesiutara|minahasa|tondanoselatan,95618
sulawesiutara|minahasa|langowanutara,95697
sulawesiutara|minahasa|kakasbarat,95682
sulawesiutara|minahasa|kawangkoanutara,95699
sulawesiutara|minahasa|kawangkoanbarat,95692
sulawesiutara|minahasa|mandolang,95661
sulawesiutara|minahasa|tombariritimur,95652
sulawesiutara|minahasa|tompasobarat,95698
sulawesiutara|kepulauansangihe|tabukanutara,95856
sulawesiutara|kepulauansangihe|nusatabukan,95842
sulawesiutara|kepulauansangihe|manganituselatan,95854
sulawesiutara|kepulauansangihe|tatoareng,95851
sulawesiutara|kepulauansangihe|tamako,95855
sulawesiutara|kepulauansangihe|manganitu,95853
sulawesiutara|kepulauansangihe|tabukantengah,95857
sulawesiutara|kepulauansangihe|tabukanselatan,95858
sulawesiutara|kepulauansangihe|kendahe,95852
sulawesiutara|kepulauansangihe|tahuna,95811
sulawesiutara|kepulauansangihe|tabukanselatantengah,95859
sulawesiutara|kepulauansangihe|tabukanselatantenggara,95850
sulawesiutara|kepulauansangihe|tahunabarat,95811
sulawesiutara|kepulauansangihe|tahunatimur,95812
sulawesiutara|kepulauansangihe|kepulauanmarore,95841
sulawesiutara|kepulauantalaud|lirung,95875
sulawesiutara|kepulauantalaud|beo,95876
sulawesiutara|kepulauantalaud|rainis,95880
sulawesiutara|kepulauantalaud|essang,95883
sulawesiutara|kepulauantalaud|nanusa,95884
sulawesiutara|kepulauantalaud|kabaruan,95873
sulawesiutara|kepulauantalaud|melonguane,95885
sulawesiutara|kepulauantalaud|gemeh,95888
sulawesiutara|kepulauantalaud|damau,95872
sulawesiutara|kepulauantalaud|tampanamma,95882
sulawesiutara|kepulauantalaud|salibabu,95871
sulawesiutara|kepulauantalaud|kalongan,95874
sulawesiutara|kepulauantalaud|miangas,95889
sulawesiutara|kepulauantalaud|beoutara,95881
sulawesiutara|kepulauantalaud|pulutan,95878
sulawesiutara|kepulauantalaud|melonguanetimur,95886
sulawesiutara|kepulauantalaud|moronge,95870
sulawesiutara|kepulauantalaud|beoselatan,95877
sulawesiutara|kepulauantalaud|essangselatan,95887
sulawesiutara|minahasaselatan|modoinding,95958
sulawesiutara|minahasaselatan|tompasobaru,95358
sulawesiutara|minahasaselatan|ranoyapo,95944
sulawesiutara|minahasaselatan|motoling,95941
sulawesiutara|minahasaselatan|sinonsayang,95959
sulawesiutara|minahasaselatan|tenga,95355
sulawesiutara|minahasaselatan|amurang,95957
sulawesiutara|minahasaselatan|tumpaan,95352
sulawesiutara|minahasaselatan|tareran,95953
sulawesiutara|minahasaselatan|kumelembuai,95956
sulawesiutara|minahasaselatan|maesaan,95357
sulawesiutara|minahasaselatan|amurangbarat,95955
sulawesiutara|minahasaselatan|amurangtimur,95954
sulawesiutara|minahasaselatan|tatapaan,95351
sulawesiutara|minahasaselatan|motolingbarat,95942
sulawesiutara|minahasaselatan|motolingtimur,95943
sulawesiutara|minahasaselatan|suluuntareran,95952
sulawesiutara|minahasautara|kema,95379
sulawesiutara|minahasautara|kauditan,95372
sulawesiutara|minahasautara|airmadidi,95371
sulawesiutara|minahasautara|wori,95376
sulawesiutara|minahasautara|dimembe,95373
sulawesiutara|minahasautara|likupangbarat,95377
sulawesiutara|minahasautara|likupangtimur,95375
sulawesiutara|minahasautara|kalawat,95378
sulawesiutara|minahasautara|talawaan,95370
sulawesiutara|minahasautara|likupangselatan,95374
sulawesiutara|minahasatenggara|ratahan,95994
sulawesiutara|minahasatenggara|pusomaen,95997
sulawesiutara|minahasatenggara|belang,95992
sulawesiutara|minahasatenggara|ratatotok,95999
sulawesiutara|minahasatenggara|tombatu,95996
sulawesiutara|minahasatenggara|touluaan,95981
sulawesiutara|minahasatenggara|touluaanselatan,95982
sulawesiutara|minahasatenggara|silianraya,95998
sulawesiutara|minahasatenggara|tombatutimur,95990
sulawesiutara|minahasatenggara|tombatuutara,95991
sulawesiutara|minahasatenggara|pasan,95993
sulawesiutara|minahasatenggara|ratahantimur,95995
sulawesiutara|bolaangmongondowutara|sangkub,95762
sulawesiutara|bolaangmongondowutara|bintauna,95763
sulawesiutara|bolaangmongondowutara|bolangitangtimur,95767
sulawesiutara|bolaangmongondowutara|bolangitangbarat,95764
sulawesiutara|bolaangmongondowutara|kaidipang,95765
sulawesiutara|bolaangmongondowutara|pinogaluman,95766
sulawesiutara|kepulauansiautagulandangbiaro|siautimur,95861
sulawesiutara|kepulauansiautagulandangbiaro|siaubarat,95862
sulawesiutara|kepulauansiautagulandangbiaro|tagulandang,95863
sulawesiutara|kepulauansiautagulandangbiaro|siautimurselatan,95867
sulawesiutara|kepulauansiautagulandangbiaro|siaubaratselatan,95868
sulawesiutara|kepulauansiautagulandangbiaro|tagulandangutara,95865
sulawesiutara|kepulauansiautagulandangbiaro|biaro,95864
sulawesiutara|kepulauansiautagulandangbiaro|siaubaratutara,95869
sulawesiutara|kepulauansiautagulandangbiaro|siautengah,95860
sulawesiutara|kepulauansiautagulandangbiaro|tagulandangselatan,95866
sulawesiutara|bolaangmongondowtimur|tutuyan,95783
sulawesiutara|bolaangmongondowtimur|kotabunan,95782
sulawesiutara|bolaangmongondowtimur|nuangan,95786
sulawesiutara|bolaangmongondowtimur|modayag,95780
sulawesiutara|bolaangmongondowtimur|modayagbarat,95781
sulawesiutara|bolaangmongondowtimur|motongkad,95785
sulawesiutara|bolaangmongondowtimur|mooat,95784
sulawesiutara|bolaangmongondowselatan|bolaanguki,95770
sulawesiutara|bolaangmongondowselatan|posigadan,95774
sulawesiutara|bolaangmongondowselatan|pinolosian,95775
sulawesiutara|bolaangmongondowselatan|pinolosiantengah,95776
sulawesiutara|bolaangmongondowselatan|pinolosiantimur,95777
sulawesiutara|bolaangmongondowselatan|helumo,95779
sulawesiutara|bolaangmongondowselatan|tomini,95778
sulawesiutara|manado|bunaken,95231
sulawesiutara|manado|tuminiting,95238
sulawesiutara|manado|singkil,95231
sulawesiutara|manado|wenang,95111
sulawesiutara|manado|tikala,95124
sulawesiutara|manado|sario,95113
sulawesiutara|manado|wanea,95117
sulawesiutara|manado|mapanget,95251
sulawesiutara|manado|malalayang,95115
sulawesiutara|manado|bunakenkepulauan,95231
sulawesiutara|manado|paaldua,95127
sulawesiutara|bitung|lembehselatan,95551
sulawesiutara|bitung|madidir,95513
sulawesiutara|bitung|ranowulu,95531
sulawesiutara|bitung|aertembaga,95521
sulawesiutara|bitung|matuari,95539
sulawesiutara|bitung|girian,95511
sulawesiutara|bitung|maesa,95511
sulawesiutara|bitung|lembehutara,95551
sulawesiutara|tomohon|tomohonselatan,95431
sulawesiutara|tomohon|tomohontengah,95441
sulawesiutara|tomohon|tomohonutara,95411
sulawesiutara|tomohon|tomohonbarat,95421
sulawesiutara|tomohon|tomohontimur,95446
sulawesiutara|kotamobagu|kotamobaguutara,95713
sulawesiutara|kotamobagu|kotamobagutimur,95712
sulawesiutara|kotamobagu|kotamobaguselatan,95717
sulawesiutara|kotamobagu|kotamobagubarat,95711
sulawesitengah|banggai|batui,94762
sulawesitengah|banggai|bunta,94753
sulawesitengah|banggai|kintom,94761
sulawesitengah|banggai|luwuk,94711
sulawesitengah|banggai|lamala,94771
sulawesitengah|banggai|balantak,94773
sulawesitengah|banggai|pagimana,94751
sulawesitengah|banggai|bualemo,94752
sulawesitengah|banggai|toili,94764
sulawesitengah|banggai|masama,94772
sulawesitengah|banggai|luwuktimur,94723
sulawesitengah|banggai|toilibarat,94766
sulawesitengah|banggai|nuhon,94754
sulawesitengah|banggai|moilong,94765
sulawesitengah|banggai|batuiselatan,94763
sulawesitengah|banggai|lobu,94750
sulawesitengah|banggai|simpangraya,94755
sulawesitengah|banggai|balantakselatan,94774
sulawesitengah|banggai|balantakutara,94775
sulawesitengah|banggai|luwukselatan,94717
sulawesitengah|banggai|luwukutara,94711
sulawesitengah|banggai|mantoh,94770
sulawesitengah|banggai|nambo,94760
sulawesitengah|poso|posokota,94617
sulawesitengah|poso|posopesisir,94652
sulawesitengah|poso|lage,94661
sulawesitengah|poso|pamonapuselemba,94663
sulawesitengah|poso|pamonatimur,94666
sulawesitengah|poso|pamonaselatan,94664
sulawesitengah|poso|loreutara,94658
sulawesitengah|poso|loretengah,94656
sulawesitengah|poso|loreselatan,94655
sulawesitengah|poso|posopesisirutara,94651
sulawesitengah|poso|posopesisirselatan,94650
sulawesitengah|poso|pamonabarat,94662
sulawesitengah|poso|posokotaselatan,94613
sulawesitengah|poso|posokotautara,94611
sulawesitengah|poso|lorebarat,94654
sulawesitengah|poso|loretimur,94657
sulawesitengah|poso|lorepiore,94653
sulawesitengah|poso|pamonatenggara,94665
sulawesitengah|poso|pamonautara,94667
sulawesitengah|donggala|riopakava,94346
sulawesitengah|donggala|dampelas,94356
sulawesitengah|donggala|banawa,94351
sulawesitengah|donggala|labuan,94352
sulawesitengah|donggala|sindue,94353
sulawesitengah|donggala|sirenja,94354
sulawesitengah|donggala|balaesang,94355
sulawesitengah|donggala|sojol,94357
sulawesitengah|donggala|banawaselatan,94350
sulawesitengah|donggala|tanantovea,94342
sulawesitengah|donggala|pinembani,94345
sulawesitengah|donggala|sinduetombusabora,94344
sulawesitengah|donggala|sinduetobata,94343
sulawesitengah|donggala|banawatengah,94341
sulawesitengah|donggala|sojolutara,94358
sulawesitengah|donggala|balaesangtanjung,94359
sulawesitengah|tolitoli|dampalselatan,94554
sulawesitengah|tolitoli|dampalutara,94553
sulawesitengah|tolitoli|dondo,94551
sulawesitengah|tolitoli|basidondo,94552
sulawesitengah|tolitoli|ogodeide,94516
sulawesitengah|tolitoli|lampasio,94517
sulawesitengah|tolitoli|baolan,94511
sulawesitengah|tolitoli|galang,94561
sulawesitengah|tolitoli|tolitoliutara,94560
sulawesitengah|tolitoli|dakopemean,94562
sulawesitengah|buol|momunu,94565
sulawesitengah|buol|lakea,94573
sulawesitengah|buol|bokat,94564
sulawesitengah|buol|bunobogu,94567
sulawesitengah|buol|paleleh,94569
sulawesitengah|buol|biau,94563
sulawesitengah|buol|tiloan,94566
sulawesitengah|buol|bukal,94571
sulawesitengah|buol|gadung,94568
sulawesitengah|buol|karamat,94572
sulawesitengah|buol|palelehbarat,94574
sulawesitengah|morowali|bungkutengah,94973
sulawesitengah|morowali|bungkuselatan,94979
sulawesitengah|morowali|menuikepulauan,94975
sulawesitengah|morowali|bungkubarat,94977
sulawesitengah|morowali|bumiraya,94976
sulawesitengah|morowali|bahodopi,94974
sulawesitengah|morowali|witaponda,94978
sulawesitengah|morowali|bungkupesisir,94981
sulawesitengah|morowali|bungkutimur,94980
sulawesitengah|banggaikepulauan|totikum,94884
sulawesitengah|banggaikepulauan|tinangkung,94885
sulawesitengah|banggaikepulauan|liang,94883
sulawesitengah|banggaikepulauan|bulagi,94882
sulawesitengah|banggaikepulauan|buko,94881
sulawesitengah|banggaikepulauan|bulagiselatan,94882
sulawesitengah|banggaikepulauan|tinangkungselatan,94714
sulawesitengah|banggaikepulauan|totikumselatan,94887
sulawesitengah|banggaikepulauan|pelingtengah,94888
sulawesitengah|banggaikepulauan|bulagiutara,94889
sulawesitengah|banggaikepulauan|bukoselatan,94880
sulawesitengah|banggaikepulauan|tinangkungutara,94886
sulawesitengah|parigimoutong|parigi,94471
sulawesitengah|parigimoutong|ampibabo,94474
sulawesitengah|parigimoutong|tinombo,94465
sulawesitengah|parigimoutong|moutong,94481
sulawesitengah|parigimoutong|tomini,94478
sulawesitengah|parigimoutong|sausu,94472
sulawesitengah|parigimoutong|bolanolambunu,94480
sulawesitengah|parigimoutong|kasimbar,94464
sulawesitengah|parigimoutong|torue,94470
sulawesitengah|parigimoutong|tinomboselatan,94468
sulawesitengah|parigimoutong|parigiselatan,94461
sulawesitengah|parigimoutong|mepanga,94476
sulawesitengah|parigimoutong|toribulu,94466
sulawesitengah|parigimoutong|taopa,94483
sulawesitengah|parigimoutong|balinggi,94473
sulawesitengah|parigimoutong|parigibarat,94460
sulawesitengah|parigimoutong|siniu,94467
sulawesitengah|parigimoutong|palasa,94477
sulawesitengah|parigimoutong|parigiutara,94463
sulawesitengah|parigimoutong|parigitengah,94462
sulawesitengah|parigimoutong|bolano,94479
sulawesitengah|parigimoutong|ongkamalino,94482
sulawesitengah|parigimoutong|sidoan,94475
sulawesitengah|tojounauna|unauna,94690
sulawesitengah|tojounauna|togean,94686
sulawesitengah|tojounauna|waleakepulauan,94694
sulawesitengah|tojounauna|ampanatete,94684
sulawesitengah|tojounauna|ampanakota,94683
sulawesitengah|tojounauna|ulubongka,94682
sulawesitengah|tojounauna|tojobarat,94680
sulawesitengah|tojounauna|tojo,94681
sulawesitengah|tojounauna|waleabesar,94693
sulawesitengah|tojounauna|ratolindo,94683
sulawesitengah|tojounauna|batudaka,94690
sulawesitengah|tojounauna|talatako,94692
sulawesitengah|sigi|sigibiromaru,94367
sulawesitengah|sigi|palolo,94366
sulawesitengah|sigi|nokilalaki,94365
sulawesitengah|sigi|lindu,94369
sulawesitengah|sigi|kulawi,94363
sulawesitengah|sigi|kulawiselatan,94373
sulawesitengah|sigi|pipikoro,94370
sulawesitengah|sigi|gumbasa,94364
sulawesitengah|sigi|doloselatan,94371
sulawesitengah|sigi|tanambulava,94368
sulawesitengah|sigi|dolobarat,94360
sulawesitengah|sigi|dolo,94361
sulawesitengah|sigi|kinovaro,94362
sulawesitengah|sigi|marawola,94372
sulawesitengah|sigi|marawolabarat,94374
sulawesitengah|banggailaut|banggai,94891
sulawesitengah|banggailaut|banggaiutara,94896
sulawesitengah|banggailaut|bokankepulauan,94894
sulawesitengah|banggailaut|bangkurung,94892
sulawesitengah|banggailaut|labobo,94893
sulawesitengah|banggailaut|banggaiselatan,94890
sulawesitengah|banggailaut|banggaitengah,94895
sulawesitengah|morowaliutara|petasia,94971
sulawesitengah|morowaliutara|petasiatimur,94963
sulawesitengah|morowaliutara|lemboraya,94967
sulawesitengah|morowaliutara|lembo,94966
sulawesitengah|morowaliutara|moriatas,94965
sulawesitengah|morowaliutara|moriutara,94964
sulawesitengah|morowaliutara|soyojaya,94969
sulawesitengah|morowaliutara|bungkuutara,94972
sulawesitengah|morowaliutara|mamosalato,94968
sulawesitengah|morowaliutara|petasiabarat,94970
sulawesitengah|palu|palutimur,94111
sulawesitengah|palu|palubarat,94221
sulawesitengah|palu|paluselatan,94231
sulawesitengah|palu|paluutara,94145
sulawesitengah|palu|ulujadi,94226
sulawesitengah|palu|tatanga,94221
sulawesitengah|palu|tawaeli,94141
sulawesitengah|palu|mantikulore,94111
sulawesiselatan|kepulauanselayar|benteng,92812
sulawesiselatan|kepulauanselayar|bontoharu,92811
sulawesiselatan|kepulauanselayar|bontomatene,92854
sulawesiselatan|kepulauanselayar|bontomanai,92851
sulawesiselatan|kepulauanselayar|bontosikuyu,92855
sulawesiselatan|kepulauanselayar|pasimasunggu,92811
sulawesiselatan|kepulauanselayar|pasimarannu,92862
sulawesiselatan|kepulauanselayar|takabonerate,92860
sulawesiselatan|kepulauanselayar|pasilambena,92863
sulawesiselatan|kepulauanselayar|pasimasunggutimur,92861
sulawesiselatan|kepulauanselayar|buki,92851
sulawesiselatan|bulukumba|gantorang,92561
sulawesiselatan|bulukumba|ujungbulu,92511
sulawesiselatan|bulukumba|bontobahari,92571
sulawesiselatan|bulukumba|bontotiro,92572
sulawesiselatan|bulukumba|herlang,92573
sulawesiselatan|bulukumba|kajang,92574
sulawesiselatan|bulukumba|bulukumpa,92552
sulawesiselatan|bulukumba|kindang,92517
sulawesiselatan|bulukumba|ujungloe,92562
sulawesiselatan|bulukumba|rilauale,92553
sulawesiselatan|bantaeng|bissappu,92451
sulawesiselatan|bantaeng|bantaeng,92411
sulawesiselatan|bantaeng|eremerasa,92414
sulawesiselatan|bantaeng|tompobulu,92462
sulawesiselatan|bantaeng|pajukukang,92460
sulawesiselatan|bantaeng|uluere,92452
sulawesiselatan|bantaeng|gantarangkeke,92461
sulawesiselatan|bantaeng|sinoa,92450
sulawesiselatan|jeneponto|bangkala,92352
sulawesiselatan|jeneponto|tamalatea,92350
sulawesiselatan|jeneponto|binamu,92311
sulawesiselatan|jeneponto|batang,92360
sulawesiselatan|jeneponto|kelara,92371
sulawesiselatan|jeneponto|bangkalabarat,92353
sulawesiselatan|jeneponto|bontoramba,92351
sulawesiselatan|jeneponto|turatea,92312
sulawesiselatan|jeneponto|arungkeke,92361
sulawesiselatan|jeneponto|rumbia,92314
sulawesiselatan|jeneponto|tarowang,92362
sulawesiselatan|takalar|mappakasunggu,92232
sulawesiselatan|takalar|mangarabombang,92261
sulawesiselatan|takalar|polombangkengselatan,92252
sulawesiselatan|takalar|polombangkengutara,92221
sulawesiselatan|takalar|galesongselatan,92254
sulawesiselatan|takalar|galesongutara,92255
sulawesiselatan|takalar|pattallassang,92211
sulawesiselatan|takalar|sanrobone,92231
sulawesiselatan|takalar|galesong,92254
sulawesiselatan|takalar|kepulauantanakeke,92232
sulawesiselatan|takalar|polongbangkengtimur,92221
sulawesiselatan|takalar|laikang,92261
sulawesiselatan|gowa|bontonompo,92153
sulawesiselatan|gowa|bajeng,92152
sulawesiselatan|gowa|tompobullu,92175
sulawesiselatan|gowa|tinggimoncong,92178
sulawesiselatan|gowa|parangloe,92179
sulawesiselatan|gowa|bontomarannu,92171
sulawesiselatan|gowa|palangga,92161
sulawesiselatan|gowa|sombaupu,92111
sulawesiselatan|gowa|bungaya,92177
sulawesiselatan|gowa|tombolopao,92170
sulawesiselatan|gowa|biringbulu,90244
sulawesiselatan|gowa|barombong,90225
sulawesiselatan|gowa|pattalasang,92172
sulawesiselatan|gowa|manuju,92173
sulawesiselatan|gowa|bontolempangang,92176
sulawesiselatan|gowa|bontonomposelatan,92154
sulawesiselatan|gowa|parigi,92174
sulawesiselatan|gowa|bajengbarat,92151
sulawesiselatan|sinjai|sinjaibarat,92653
sulawesiselatan|sinjai|sinjaiselatan,92661
sulawesiselatan|sinjai|sinjaitimur,92671
sulawesiselatan|sinjai|sinjaitengah,92652
sulawesiselatan|sinjai|sinjaiutara,92611
sulawesiselatan|sinjai|bulupoddo,92654
sulawesiselatan|sinjai|sinjaiborong,92662
sulawesiselatan|sinjai|tellulimpoe,92681
sulawesiselatan|sinjai|pulausembilan,92616
sulawesiselatan|bone|bontocani,92767
sulawesiselatan|bone|kahu,92714
sulawesiselatan|bone|kajuara,92777
sulawesiselatan|bone|salomekko,92775
sulawesiselatan|bone|tonra,92774
sulawesiselatan|bone|libureng,92766
sulawesiselatan|bone|mare,92773
sulawesiselatan|bone|sibulue,92781
sulawesiselatan|bone|barebbo,90225
sulawesiselatan|bone|cina,92772
sulawesiselatan|bone|ponre,92765
sulawesiselatan|bone|lappariaja,92760
sulawesiselatan|bone|lamuru,92764
sulawesiselatan|bone|ulaweng,92762
sulawesiselatan|bone|palakka,92761
sulawesiselatan|bone|awangpone,92776
sulawesiselatan|bone|tellusiattinge,92752
sulawesiselatan|bone|ajangale,92755
sulawesiselatan|bone|duaboccoe,92753
sulawesiselatan|bone|cenrana,92754
sulawesiselatan|bone|taneteriattang,92711
sulawesiselatan|bone|taneteriattangbarat,92731
sulawesiselatan|bone|taneteriattangtimur,92715
sulawesiselatan|bone|amali,92756
sulawesiselatan|bone|tellulimpoe,92771
sulawesiselatan|bone|bengo,92763
sulawesiselatan|bone|patimpeng,92768
sulawesiselatan|maros|mandai,90552
sulawesiselatan|maros|camba,90562
sulawesiselatan|maros|bantimurung,90561
sulawesiselatan|maros|marosbaru,90511
sulawesiselatan|maros|bontoa,90554
sulawesiselatan|maros|malllawa,90563
sulawesiselatan|maros|tanralili,90553
sulawesiselatan|maros|marusu,90551
sulawesiselatan|maros|simbang,90560
sulawesiselatan|maros|cenrana,90524
sulawesiselatan|maros|tompobulu,90565
sulawesiselatan|maros|lau,90513
sulawesiselatan|maros|moncongloe,90564
sulawesiselatan|maros|turikale,90511
sulawesiselatan|pangkajenekepulauan|liukangtangaya,90673
sulawesiselatan|pangkajenekepulauan|liukangkalmas,90672
sulawesiselatan|pangkajenekepulauan|liukangtupabbiring,90671
sulawesiselatan|pangkajenekepulauan|pangkajene,90611
sulawesiselatan|pangkajenekepulauan|balocci,90661
sulawesiselatan|pangkajenekepulauan|bungoro,90651
sulawesiselatan|pangkajenekepulauan|labakkang,90653
sulawesiselatan|pangkajenekepulauan|marang,90654
sulawesiselatan|pangkajenekepulauan|segeri,90656
sulawesiselatan|pangkajenekepulauan|minasatene,90614
sulawesiselatan|pangkajenekepulauan|mandalle,90655
sulawesiselatan|pangkajenekepulauan|tondongtallasa,90566
sulawesiselatan|pangkajenekepulauan|liukangtupabbiringutara,90670
sulawesiselatan|barru|taneteriaja,90763
sulawesiselatan|barru|taneterilau,90711
sulawesiselatan|barru|barru,90711
sulawesiselatan|barru|soppengriaja,90752
sulawesiselatan|barru|mallusetasi,90711
sulawesiselatan|barru|pujananting,90760
sulawesiselatan|barru|balusu,90762
sulawesiselatan|soppeng|marioriwawo,90862
sulawesiselatan|soppeng|liliraja,90863
sulawesiselatan|soppeng|lilirilau,90871
sulawesiselatan|soppeng|lalabata,90811
sulawesiselatan|soppeng|marioriawa,90852
sulawesiselatan|soppeng|donridonri,90853
sulawesiselatan|soppeng|ganra,90860
sulawesiselatan|soppeng|citta,90861
sulawesiselatan|wajo|sabangparu,90961
sulawesiselatan|wajo|pammana,90971
sulawesiselatan|wajo|takkalalla,90981
sulawesiselatan|wajo|sajoanging,90982
sulawesiselatan|wajo|majauleng,90991
sulawesiselatan|wajo|tempe,90911
sulawesiselatan|wajo|belawa,90913
sulawesiselatan|wajo|tanasitolo,90951
sulawesiselatan|wajo|maniangpajo,90952
sulawesiselatan|wajo|pitumpanua,90992
sulawesiselatan|wajo|bola,90984
sulawesiselatan|wajo|penrang,90983
sulawesiselatan|wajo|gilireng,90954
sulawesiselatan|wajo|keera,90993
sulawesiselatan|sidenrengrappang|pancalautang,91672
sulawesiselatan|sidenrengrappang|tellulimpoe,91662
sulawesiselatan|sidenrengrappang|watangpulu,91661
sulawesiselatan|sidenrengrappang|baranti,91652
sulawesiselatan|sidenrengrappang|pancarijang,91651
sulawesiselatan|sidenrengrappang|kulo,91653
sulawesiselatan|sidenrengrappang|maritengngae,91611
sulawesiselatan|sidenrengrappang|watangsidenreng,91613
sulawesiselatan|sidenrengrappang|duapitue,91681
sulawesiselatan|sidenrengrappang|pituriawa,91683
sulawesiselatan|sidenrengrappang|pituriase,91691
sulawesiselatan|pinrang|matirrosompe,91261
sulawesiselatan|pinrang|suppa,91273
sulawesiselatan|pinrang|mattirobulu,91271
sulawesiselatan|pinrang|watangsawito,91211
sulawesiselatan|pinrang|patampanua,91252
sulawesiselatan|pinrang|duampanua,91251
sulawesiselatan|pinrang|lembang,91254
sulawesiselatan|pinrang|cempa,91262
sulawesiselatan|pinrang|tiroang,91256
sulawesiselatan|pinrang|lanrisang,91272
sulawesiselatan|pinrang|paleteang,91213
sulawesiselatan|pinrang|batulappa,91253
sulawesiselatan|enrekang|maiwa,91760
sulawesiselatan|enrekang|enrekang,91711
sulawesiselatan|enrekang|baraka,91753
sulawesiselatan|enrekang|anggeraja,91752
sulawesiselatan|enrekang|alla,91754
sulawesiselatan|enrekang|bungin,91761
sulawesiselatan|enrekang|cendana,91711
sulawesiselatan|enrekang|curio,91756
sulawesiselatan|enrekang|malua,91751
sulawesiselatan|enrekang|buntubatu,91750
sulawesiselatan|enrekang|masalle,91757
sulawesiselatan|enrekang|baroko,91755
sulawesiselatan|luwu|bassesangtempe,91990
sulawesiselatan|luwu|larompong,91997
sulawesiselatan|luwu|suli,91985
sulawesiselatan|luwu|bajo,91995
sulawesiselatan|luwu|buaponrang,91993
sulawesiselatan|luwu|walenrang,91950
sulawesiselatan|luwu|belopa,91983
sulawesiselatan|luwu|bua,91991
sulawesiselatan|luwu|lamasi,91952
sulawesiselatan|luwu|larompongselatan,91998
sulawesiselatan|luwu|ponrang,91999
sulawesiselatan|luwu|latimojong,91921
sulawesiselatan|luwu|kamanre,91994
sulawesiselatan|luwu|belopautara,91984
sulawesiselatan|luwu|walenrangbarat,91951
sulawesiselatan|luwu|walenrangutara,91953
sulawesiselatan|luwu|walenrangtimur,91951
sulawesiselatan|luwu|lamasitimur,91951
sulawesiselatan|luwu|sulibarat,91986
sulawesiselatan|luwu|bajobarat,91996
sulawesiselatan|luwu|ponrangselatan,91989
sulawesiselatan|luwu|bassesangtempeutara,91992
sulawesiselatan|tanatoraja|saluputi,91864
sulawesiselatan|tanatoraja|bittuang,91896
sulawesiselatan|tanatoraja|bonggakaradeng,91872
sulawesiselatan|tanatoraja|makale,91811
sulawesiselatan|tanatoraja|simbuang,91874
sulawesiselatan|tanatoraja|rantetayo,91863
sulawesiselatan|tanatoraja|mengkendek,91870
sulawesiselatan|tanatoraja|sangalla,91881
sulawesiselatan|tanatoraja|gandangbatusillanan,91871
sulawesiselatan|tanatoraja|rembon,91860
sulawesiselatan|tanatoraja|makaleutara,91812
sulawesiselatan|tanatoraja|mappak,91873
sulawesiselatan|tanatoraja|makaleselatan,91815
sulawesiselatan|tanatoraja|masanda,91894
sulawesiselatan|tanatoraja|sangallaselatan,91882
sulawesiselatan|tanatoraja|sangallautara,91883
sulawesiselatan|tanatoraja|malimbongbalepe,91861
sulawesiselatan|tanatoraja|rano,91875
sulawesiselatan|tanatoraja|kurra,91862
sulawesiselatan|luwuutara|malangke,92953
sulawesiselatan|luwuutara|bonebone,92966
sulawesiselatan|luwuutara|masamba,92912
sulawesiselatan|luwuutara|sabbang,92955
sulawesiselatan|luwuutara|limbong,92954
sulawesiselatan|luwuutara|sukamaju,92963
sulawesiselatan|luwuutara|seko,92956
sulawesiselatan|luwuutara|malangkebarat,92957
sulawesiselatan|luwuutara|rampi,92964
sulawesiselatan|luwuutara|mappedeceng,92917
sulawesiselatan|luwuutara|baebunta,92965
sulawesiselatan|luwuutara|tanalili,92967
sulawesiselatan|luwuutara|sukamajuselatan,92963
sulawesiselatan|luwuutara|baebuntaselatan,92965
sulawesiselatan|luwuutara|sabbangselatan,92955
sulawesiselatan|luwutimur|mangkutana,92974
sulawesiselatan|luwutimur|nuha,92983
sulawesiselatan|luwutimur|towuti,92982
sulawesiselatan|luwutimur|malili,92981
sulawesiselatan|luwutimur|angkona,92985
sulawesiselatan|luwutimur|wotu,92971
sulawesiselatan|luwutimur|burau,92975
sulawesiselatan|luwutimur|tomoni,92972
sulawesiselatan|luwutimur|tomonitimur,92970
sulawesiselatan|luwutimur|kalaena,92973
sulawesiselatan|luwutimur|wasuponda,92984
sulawesiselatan|torajautara|rantepao,91831
sulawesiselatan|torajautara|sesean,91844
sulawesiselatan|torajautara|nanggala,91856
sulawesiselatan|torajautara|rindingallo,91849
sulawesiselatan|torajautara|buntao,91841
sulawesiselatan|torajautara|sadan,91843
sulawesiselatan|torajautara|sanggalangi,91851
sulawesiselatan|torajautara|sopai,91850
sulawesiselatan|torajautara|tikala,91833
sulawesiselatan|torajautara|balusu,91855
sulawesiselatan|torajautara|tallunglipu,91832
sulawesiselatan|torajautara|dendepiongannapo,91822
sulawesiselatan|torajautara|buntupepasan,91847
sulawesiselatan|torajautara|baruppu,91846
sulawesiselatan|torajautara|kesu,91852
sulawesiselatan|torajautara|tondon,91857
sulawesiselatan|torajautara|bangkelekila,91853
sulawesiselatan|torajautara|rantebua,91842
sulawesiselatan|torajautara|seseansuloara,91845
sulawesiselatan|torajautara|kapalapitu,91848
sulawesiselatan|torajautara|awanrantekarua,91854
sulawesiselatan|makassar|mariso,90121
sulawesiselatan|makassar|mamajang,90131
sulawesiselatan|makassar|makassar,90141
sulawesiselatan|makassar|ujungpandang,90111
sulawesiselatan|makassar|wajo,90171
sulawesiselatan|makassar|bontoala,90151
sulawesiselatan|makassar|tallo,90211
sulawesiselatan|makassar|ujungtanah,90161
sulawesiselatan|makassar|panakkukang,90231
sulawesiselatan|makassar|tamalate,90221
sulawesiselatan|makassar|biringkanaya,90241
sulawesiselatan|makassar|manggala,90233
sulawesiselatan|makassar|rappocini,90221
sulawesiselatan|makassar|tamalanrea,90241
sulawesiselatan|makassar|kepulauansangkarrang,90166
sulawesiselatan|parepare|bacukiki,91121
sulawesiselatan|parepare|ujung,91111
sulawesiselatan|parepare|soreang,91131
sulawesiselatan|parepare|bacukikibarat,91121
sulawesiselatan|palopo|wara,91921
sulawesiselatan|palopo|warautara,91911
sulawesiselatan|palopo|waraselatan,91926
sulawesiselatan|palopo|telluwanua,91958
sulawesiselatan|palopo|waratimur,91921
sulawesiselatan|palopo|warabarat,91921
sulawesiselatan|palopo|sendana,91925
sulawesiselatan|palopo|mungkajang,91921
sulawesiselatan|palopo|bara,91914
sulawesitenggara|kolaka|wundulako,93560
sulawesitenggara|kolaka|kolaka,93511
sulawesitenggara|kolaka|pomalaa,93562
sulawesitenggara|kolaka|watubangga,93566
sulawesitenggara|kolaka|wolo,93553
sulawesitenggara|kolaka|baula,93561
sulawesitenggara|kolaka|latambaga,93512
sulawesitenggara|kolaka|tanggetada,93564
sulawesitenggara|kolaka|samaturu,93521
sulawesitenggara|kolaka|toari,93565
sulawesitenggara|kolaka|polinggona,93563
sulawesitenggara|kolaka|iwoimendaa,93552
sulawesitenggara|konawe|lambuya,93464
sulawesitenggara|konawe|unaaha,93411
sulawesitenggara|konawe|wawotobi,93462
sulawesitenggara|konawe|pondidaha,93467
sulawesitenggara|konawe|sampara,93458
sulawesitenggara|konawe|abuki,93452
sulawesitenggara|konawe|soropia,93451
sulawesitenggara|konawe|tongauna,93460
sulawesitenggara|konawe|latoma,93471
sulawesitenggara|konawe|puriala,93411
sulawesitenggara|konawe|uepai,93466
sulawesitenggara|konawe|wonggeduku,93468
sulawesitenggara|konawe|besulutu,93459
sulawesitenggara|konawe|bondoala,93457
sulawesitenggara|konawe|routa,93453
sulawesitenggara|konawe|anggaberi,93417
sulawesitenggara|konawe|meluhu,93472
sulawesitenggara|konawe|amonggedo,93463
sulawesitenggara|konawe|asinua,93441
sulawesitenggara|konawe|konawe,93461
sulawesitenggara|konawe|kapoiala,93454
sulawesitenggara|konawe|lalonggasumeeto,93450
sulawesitenggara|konawe|onembute,93465
sulawesitenggara|konawe|padangguni,93442
sulawesitenggara|konawe|morosi,93456
sulawesitenggara|konawe|anggalomoare,93455
sulawesitenggara|konawe|wonggedukubarat,93469
sulawesitenggara|konawe|tongaunautara,93460
sulawesitenggara|muna|napabalano,93622
sulawesitenggara|muna|maligano,93683
sulawesitenggara|muna|wakorumbaselatan,93681
sulawesitenggara|muna|lasalepa,93621
sulawesitenggara|muna|batalaiwaru,93614
sulawesitenggara|muna|katobu,93611
sulawesitenggara|muna|duruka,93618
sulawesitenggara|muna|lohia,93626
sulawesitenggara|muna|watopute,93624
sulawesitenggara|muna|kontunaga,93625
sulawesitenggara|muna|kabangka,93664
sulawesitenggara|muna|kabawo,93661
sulawesitenggara|muna|parigi,93667
sulawesitenggara|muna|bone,93663
sulawesitenggara|muna|tongkuno,93662
sulawesitenggara|muna|pasirputih,93685
sulawesitenggara|muna|kontukowuna,93660
sulawesitenggara|muna|marobo,93666
sulawesitenggara|muna|tongkunoselatan,93665
sulawesitenggara|muna|pasikolaga,93684
sulawesitenggara|muna|batukara,93682
sulawesitenggara|muna|towea,93623
sulawesitenggara|buton|pasarwajo,93752
sulawesitenggara|buton|kapontori,93755
sulawesitenggara|buton|lasalimu,93756
sulawesitenggara|buton|lasalimuselatan,93757
sulawesitenggara|buton|siotapina,93758
sulawesitenggara|buton|wolowa,93754
sulawesitenggara|buton|wabula,93753
sulawesitenggara|konaweselatan|tinanggea,93886
sulawesitenggara|konaweselatan|angata,93875
sulawesitenggara|konaweselatan|andoolo,93810
sulawesitenggara|konaweselatan|palangga,93882
sulawesitenggara|konaweselatan|landono,93873
sulawesitenggara|konaweselatan|lainea,93881
sulawesitenggara|konaweselatan|konda,93874
sulawesitenggara|konaweselatan|ranomeeto,93870
sulawesitenggara|konaweselatan|kolono,93895
sulawesitenggara|konaweselatan|moramo,93891
sulawesitenggara|konaweselatan|laonti,93892
sulawesitenggara|konaweselatan|lalembuu,93885
sulawesitenggara|konaweselatan|benua,93877
sulawesitenggara|konaweselatan|palanggaselatan,93884
sulawesitenggara|konaweselatan|mowila,93879
sulawesitenggara|konaweselatan|moramoutara,93890
sulawesitenggara|konaweselatan|buke,93812
sulawesitenggara|konaweselatan|wolasi,93878
sulawesitenggara|konaweselatan|laeya,93880
sulawesitenggara|konaweselatan|baito,93883
sulawesitenggara|konaweselatan|basala,93876
sulawesitenggara|konaweselatan|ranomeetobarat,93871
sulawesitenggara|konaweselatan|kolonotimur,93894
sulawesitenggara|konaweselatan|sabulakoa,93872
sulawesitenggara|konaweselatan|andoolobarat,93813
sulawesitenggara|bombana|poleang,93772
sulawesitenggara|bombana|poleangtimur,93776
sulawesitenggara|bombana|rarowatu,93787
sulawesitenggara|bombana|rumbia,93771
sulawesitenggara|bombana|kabaena,93781
sulawesitenggara|bombana|kabaenatimur,93784
sulawesitenggara|bombana|poleangbarat,93772
sulawesitenggara|bombana|mataoleo,93770
sulawesitenggara|bombana|rarowatuutara,93788
sulawesitenggara|bombana|poleangutara,93777
sulawesitenggara|bombana|poleangselatan,93773
sulawesitenggara|bombana|poleangtenggara,93775
sulawesitenggara|bombana|kabaenaselatan,93782
sulawesitenggara|bombana|kabaenabarat,93780
sulawesitenggara|bombana|kabaenautara,93785
sulawesitenggara|bombana|kabaenatengah,93783
sulawesitenggara|bombana|kepulauanmasalokaraya,93778
sulawesitenggara|bombana|rumbiatengah,93771
sulawesitenggara|bombana|poleangtengah,93779
sulawesitenggara|bombana|tontonunu,93789
sulawesitenggara|bombana|lantarijaya,93774
sulawesitenggara|bombana|matausu,93786
sulawesitenggara|wakatobi|wangiwangi,93791
sulawesitenggara|wakatobi|kaledupa,93792
sulawesitenggara|wakatobi|tomia,93793
sulawesitenggara|wakatobi|binongko,93794
sulawesitenggara|wakatobi|wangiwangiselatan,93795
sulawesitenggara|wakatobi|kaledupaselatan,93790
sulawesitenggara|wakatobi|tomiatimur,93797
sulawesitenggara|wakatobi|togobinongko,93796
sulawesitenggara|kolakautara|lasusua,93911
sulawesitenggara|kolakautara|pakue,93954
sulawesitenggara|kolakautara|batuputih,93955
sulawesitenggara|kolakautara|ranteangin,93961
sulawesitenggara|kolakautara|kodeoha,93957
sulawesitenggara|kolakautara|ngapa,93958
sulawesitenggara|kolakautara|wawo,93962
sulawesitenggara|kolakautara|lambai,93956
sulawesitenggara|kolakautara|watunohu,93959
sulawesitenggara|kolakautara|pakuetengah,93953
sulawesitenggara|kolakautara|pakueutara,93952
sulawesitenggara|kolakautara|porehu,93950
sulawesitenggara|kolakautara|katoi,93913
sulawesitenggara|kolakautara|tiwu,93963
sulawesitenggara|kolakautara|tolala,93951
sulawesitenggara|konaweutara|asera,93355
sulawesitenggara|konaweutara|wiwirano,93343
sulawesitenggara|konaweutara|langgikima,93351
sulawesitenggara|konaweutara|molawe,93359
sulawesitenggara|konaweutara|lasolo,93352
sulawesitenggara|konaweutara|lembo,93350
sulawesitenggara|konaweutara|sawa,93357
sulawesitenggara|konaweutara|oheo,93354
sulawesitenggara|konaweutara|andowia,93356
sulawesitenggara|konaweutara|motui,93358
sulawesitenggara|konaweutara|wawolesea,93342
sulawesitenggara|konaweutara|lasolokepulauan,93341
sulawesitenggara|konaweutara|landawe,93353
sulawesitenggara|butonutara|kulisusu,93672
sulawesitenggara|butonutara|kambowa,93674
sulawesitenggara|butonutara|bonegunu,93673
sulawesitenggara|butonutara|kulisusubarat,93670
sulawesitenggara|butonutara|kulisusuutara,93675
sulawesitenggara|butonutara|wakorumbautara,93671
sulawesitenggara|kolakatimur|tirawuta,93582
sulawesitenggara|kolakatimur|loea,93581
sulawesitenggara|kolakatimur|ladongi,93577
sulawesitenggara|kolakatimur|polipolia,93579
sulawesitenggara|kolakatimur|lambandia,93578
sulawesitenggara|kolakatimur|lalolae,93572
sulawesitenggara|kolakatimur|mowewe,93571
sulawesitenggara|kolakatimur|uluiwoi,93574
sulawesitenggara|kolakatimur|tinondo,93570
sulawesitenggara|kolakatimur|aere,93573
sulawesitenggara|kolakatimur|ueesi,93575
sulawesitenggara|kolakatimur|dangia,93576
sulawesitenggara|konawekepulauan|wawoniibarat,93391
sulawesitenggara|konawekepulauan|wawoniiutara,93398
sulawesitenggara|konawekepulauan|wawoniitimurlaut,93397
sulawesitenggara|konawekepulauan|wawoniitimur,93396
sulawesitenggara|konawekepulauan|wawoniitenggara,93394
sulawesitenggara|konawekepulauan|wawoniiselatan,93392
sulawesitenggara|konawekepulauan|wawoniitengah,93393
sulawesitenggara|munabarat|sawerigadi,93657
sulawesitenggara|munabarat|barangka,93650
sulawesitenggara|munabarat|lawa,93651
sulawesitenggara|munabarat|wadaga,93652
sulawesitenggara|munabarat|tiworoselatan,93644
sulawesitenggara|munabarat|maginti,93643
sulawesitenggara|munabarat|tiworotengah,93654
sulawesitenggara|munabarat|tiworoutara,93656
sulawesitenggara|munabarat|tiworokepulauan,93653
sulawesitenggara|munabarat|kusambi,93655
sulawesitenggara|munabarat|napanokusambi,93658
sulawesitenggara|butontengah|lakudo,93763
sulawesitenggara|butontengah|mawasangkatimur,93765
sulawesitenggara|butontengah|mawasangkatengah,93764
sulawesitenggara|butontengah|mawasangka,93762
sulawesitenggara|butontengah|talagaraya,93766
sulawesitenggara|butontengah|gu,93761
sulawesitenggara|butontengah|sangiawambulu,93760
sulawesitenggara|butonselatan|batauga,93741
sulawesitenggara|butonselatan|sampolawa,93747
sulawesitenggara|butonselatan|lapandewa,93746
sulawesitenggara|butonselatan|batuatas,93745
sulawesitenggara|butonselatan|siompubarat,93744
sulawesitenggara|butonselatan|siompu,93743
sulawesitenggara|butonselatan|kadatua,93742
sulawesitenggara|kendari|mandonga,93111
sulawesitenggara|kendari|kendari,93121
sulawesitenggara|kendari|baruga,93116
sulawesitenggara|kendari|poasia,93231
sulawesitenggara|kendari|kendaribarat,93121
sulawesitenggara|kendari|abeli,93234
sulawesitenggara|kendari|wuawua,93117
sulawesitenggara|kendari|kadia,93117
sulawesitenggara|kendari|puuwatu,93114
sulawesitenggara|kendari|kambu,93231
sulawesitenggara|kendari|nambo,93234
sulawesitenggara|baubau|betoambari,93721
sulawesitenggara|baubau|wolio,93711
sulawesitenggara|baubau|sorawolio,93731
sulawesitenggara|baubau|bungi,93732
sulawesitenggara|baubau|kokalukuna,93711
sulawesitenggara|baubau|murhum,93721
sulawesitenggara|baubau|lealea,93733
sulawesitenggara|baubau|batupoaro,93721
gorontalo|gorontalo|limboto,96211
gorontalo|gorontalo|telaga,96181
gorontalo|gorontalo|batudaa,96243
gorontalo|gorontalo|tibawa,96231
gorontalo|gorontalo|batudaapantai,96244
gorontalo|gorontalo|boliyohuto,96235
gorontalo|gorontalo|telagabiru,96183
gorontalo|gorontalo|bongomeme,96246
gorontalo|gorontalo|tolangohula,96222
gorontalo|gorontalo|mootilango,96150
gorontalo|gorontalo|pulubala,96161
gorontalo|gorontalo|limbotobarat,96215
gorontalo|gorontalo|tilango,96182
gorontalo|gorontalo|tabongo,96242
gorontalo|gorontalo|biluhu,96245
gorontalo|gorontalo|asparaga,96221
gorontalo|gorontalo|talagajaya,96184
gorontalo|gorontalo|bilato,96234
gorontalo|gorontalo|dungaliyo,96241
gorontalo|boalemo|paguyaman,96260
gorontalo|boalemo|wonosari,96262
gorontalo|boalemo|dulupi,96267
gorontalo|boalemo|tilamuta,96263
gorontalo|boalemo|mananggu,96265
gorontalo|boalemo|botumoita,96264
gorontalo|boalemo|paguyamanpantai,96261
gorontalo|bonebolango|tapa,96545
gorontalo|bonebolango|kabila,96552
gorontalo|bonebolango|suwawa,96562
gorontalo|bonebolango|bonepantai,96573
gorontalo|bonebolango|bulangoutara,96544
gorontalo|bonebolango|tilongkabila,96554
gorontalo|bonebolango|botupingge,96551
gorontalo|bonebolango|kabilabone,96553
gorontalo|bonebolango|bone,96571
gorontalo|bonebolango|boneraya,96572
gorontalo|bonebolango|suwawatimur,96565
gorontalo|bonebolango|suwawaselatan,96563
gorontalo|bonebolango|suwawatengah,96564
gorontalo|bonebolango|bulangoulu,96543
gorontalo|bonebolango|bulangoselatan,96541
gorontalo|bonebolango|bulangotimur,96542
gorontalo|bonebolango|bulawa,96574
gorontalo|bonebolango|pinogu,96561
gorontalo|pahuwato|popayato,96466
gorontalo|pahuwato|lemito,96468
gorontalo|pahuwato|randangan,96469
gorontalo|pahuwato|marisa,96365
gorontalo|pahuwato|paguat,96362
gorontalo|pahuwato|patilanggio,96366
gorontalo|pahuwato|taluditi,96464
gorontalo|pahuwato|dengilo,96361
gorontalo|pahuwato|buntulia,96363
gorontalo|pahuwato|duhiadaa,96364
gorontalo|pahuwato|wanggarasi,96465
gorontalo|pahuwato|popayatotimur,96367
gorontalo|pahuwato|popayatobarat,96467
gorontalo|gorontaloutara|atinggola,96516
gorontalo|gorontaloutara|kwandang,96518
gorontalo|gorontaloutara|anggrek,96525
gorontalo|gorontaloutara|sumalata,96514
gorontalo|gorontaloutara|tolinggula,96524
gorontalo|gorontaloutara|gentumaraya,96513
gorontalo|gorontaloutara|tomolito,96512
gorontalo|gorontaloutara|ponelokepulauan,96517
gorontalo|gorontaloutara|monano,96526
gorontalo|gorontaloutara|biau,96523
gorontalo|gorontaloutara|sumalatatimur,96515
gorontalo|gorontalo|barat,96131
gorontalo|gorontalo|selatan,96111
gorontalo|gorontalo|utara,96121
gorontalo|gorontalo|dungingi,96135
gorontalo|gorontalo|timur,96112
gorontalo|gorontalo|tengah,96127
gorontalo|gorontalo|sipatana,96121
gorontalo|gorontalo|dumboraya,96112
gorontalo|gorontalo|hulonthalangi,96111
sulawesibarat|pasangkayu|bambalamotu,91575
sulawesibarat|pasangkayu|pasangkayu,91571
sulawesibarat|pasangkayu|baras,91572
sulawesibarat|pasangkayu|sarudu,91576
sulawesibarat|pasangkayu|dapurang,91581
sulawesibarat|pasangkayu|duripoku,91573
sulawesibarat|pasangkayu|bulutaba,91578
sulawesibarat|pasangkayu|tikkeraya,91579
sulawesibarat|pasangkayu|pedongga,91570
sulawesibarat|pasangkayu|bambaira,91574
sulawesibarat|pasangkayu|sarjo,91591
sulawesibarat|pasangkayu|lariang,91577
sulawesibarat|mamuju|mamuju,91511
sulawesibarat|mamuju|tapalang,91551
sulawesibarat|mamuju|kalukku,91561
sulawesibarat|mamuju|kalumpang,91560
sulawesibarat|mamuju|papalang,91565
sulawesibarat|mamuju|sampaga,91563
sulawesibarat|mamuju|tommo,91564
sulawesibarat|mamuju|simborodankepulauan,91512
sulawesibarat|mamuju|tapalangbarat,91552
sulawesibarat|mamuju|bonehau,91562
sulawesibarat|mamuju|kepulauanbalabalakang,91512
sulawesibarat|mamasa|mambi,91370
sulawesibarat|mamasa|aralle,91373
sulawesibarat|mamasa|mamasa,91362
sulawesibarat|mamasa|pana,91369
sulawesibarat|mamasa|tabulahan,91372
sulawesibarat|mamasa|sumarorong,91360
sulawesibarat|mamasa|messawa,91361
sulawesibarat|mamasa|sesenapadang,91365
sulawesibarat|mamasa|tandukkalua,91367
sulawesibarat|mamasa|tabang,91364
sulawesibarat|mamasa|bambang,91371
sulawesibarat|mamasa|balla,91366
sulawesibarat|mamasa|nosu,91363
sulawesibarat|mamasa|tawalian,91368
sulawesibarat|mamasa|rantebulahantimur,91376
sulawesibarat|mamasa|buntumalangka,91374
sulawesibarat|mamasa|mehalaan,91375
sulawesibarat|polewalimandar|tinambung,91356
sulawesibarat|polewalimandar|campalagian,91357
sulawesibarat|polewalimandar|wonomulyo,91342
sulawesibarat|polewalimandar|polewali,91311
sulawesibarat|polewalimandar|tutar,91355
sulawesibarat|polewalimandar|binuang,91311
sulawesibarat|polewalimandar|tapango,91341
sulawesibarat|polewalimandar|mapilli,91359
sulawesibarat|polewalimandar|matangnga,91350
sulawesibarat|polewalimandar|luyo,91358
sulawesibarat|polewalimandar|limboro,91321
sulawesibarat|polewalimandar|balanipa,91354
sulawesibarat|polewalimandar|anreapi,91315
sulawesibarat|polewalimandar|matakali,91352
sulawesibarat|polewalimandar|allu,91325
sulawesibarat|polewalimandar|bulo,91353
sulawesibarat|majene|banggae,91411
sulawesibarat|majene|pamboang,91451
sulawesibarat|majene|sendana,91452
sulawesibarat|majene|malunda,91453
sulawesibarat|majene|ulumanda,91454
sulawesibarat|majene|tammerodosendana,91450
sulawesibarat|majene|tubosendana,91455
sulawesibarat|majene|banggaetimur,91411
sulawesibarat|mamujutengah|tobadak,91463
sulawesibarat|mamujutengah|pangale,91462
sulawesibarat|mamujutengah|budongbudong,91461
sulawesibarat|mamujutengah|topoyo,91464
sulawesibarat|mamujutengah|karossa,91460
maluku|malukutengah|amahai,97516
maluku|malukutengah|teonnilaserua,97535
maluku|malukutengah|seramutara,97531
maluku|malukutengah|banda,97586
maluku|malukutengah|tehoru,97519
maluku|malukutengah|saparua,97584
maluku|malukutengah|pulauharuku,97583
maluku|malukutengah|salahutu,97582
maluku|malukutengah|leihitu,97580
maluku|malukutengah|nusalaut,97518
maluku|malukutengah|masohi,97511
maluku|malukutengah|seramutarabarat,97532
maluku|malukutengah|telukelpaputih,97517
maluku|malukutengah|leihitubarat,97581
maluku|malukutengah|telutih,97510
maluku|malukutengah|seramutaratimurseti,97534
maluku|malukutengah|seramutaratimurkobi,97533
maluku|malukutengah|saparuatimur,97585
maluku|malukutenggara|keikecil,97622
maluku|malukutenggara|keibesar,97631
maluku|malukutenggara|keibesarselatan,97632
maluku|malukutenggara|keibesarutaratimur,97635
maluku|malukutenggara|keikeciltimur,97625
maluku|malukutenggara|keikecilbarat,97624
maluku|malukutenggara|manyeuw,97623
maluku|malukutenggara|hoatsorbay,97621
maluku|malukutenggara|keibesarutarabarat,97634
maluku|malukutenggara|keibesarselatanbarat,97633
maluku|malukutenggara|keikeciltimurselatan,97626
maluku|kepulauantanimbar|tanimbarselatan,97471
maluku|kepulauantanimbar|selaru,97481
maluku|kepulauantanimbar|wertamrian,97473
maluku|kepulauantanimbar|wermaktian,97472
maluku|kepulauantanimbar|tanimbarutara,97464
maluku|kepulauantanimbar|yaru,97466
maluku|kepulauantanimbar|wuarlabobar,97465
maluku|kepulauantanimbar|kormomolin,97461
maluku|kepulauantanimbar|nirunmas,97463
maluku|kepulauantanimbar|molumaru,97462
maluku|buru|namlea,97571
maluku|buru|airbuaya,97572
maluku|buru|waeapo,97578
maluku|buru|waplau,97573
maluku|buru|batabual,97574
maluku|buru|lolongguba,97576
maluku|buru|waelata,97579
maluku|buru|fenaleisela,97575
maluku|buru|telukkaiely,97577
maluku|buru|lilialy,97570
maluku|serambagiantimur|bula,97521
maluku|serambagiantimur|seramtimur,97592
maluku|serambagiantimur|werinama,97525
maluku|serambagiantimur|pulaugorom,97593
maluku|serambagiantimur|wakate,97595
maluku|serambagiantimur|tutuktolu,97594
maluku|serambagiantimur|siwalalat,97523
maluku|serambagiantimur|kilmury,97591
maluku|serambagiantimur|pulaupanjang,97599
maluku|serambagiantimur|teor,97597
maluku|serambagiantimur|goromtimur,97596
maluku|serambagiantimur|bulabarat,97522
maluku|serambagiantimur|kiandarat,97590
maluku|serambagiantimur|siritaunwidatimur,97598
maluku|serambagiantimur|telukwaru,97524
maluku|serambagianbarat|kairatu,97566
maluku|serambagianbarat|serambarat,97562
maluku|serambagianbarat|taniwel,97559
maluku|serambagianbarat|huamualbelakang,97567
maluku|serambagianbarat|amalatu,97563
maluku|serambagianbarat|inamosol,97565
maluku|serambagianbarat|kairatubarat,97568
maluku|serambagianbarat|huamual,97560
maluku|serambagianbarat|kepulauanmanipa,97569
maluku|serambagianbarat|taniweltimur,97561
maluku|serambagianbarat|elpaputih,97564
maluku|kepulauanaru|pulaupulauaru,97662
maluku|kepulauanaru|aruselatan,97667
maluku|kepulauanaru|arutengah,97661
maluku|kepulauanaru|aruutara,97660
maluku|kepulauanaru|aruutaratimurbatuley,97663
maluku|kepulauanaru|sirsir,97664
maluku|kepulauanaru|arutengahtimur,97665
maluku|kepulauanaru|arutengahselatan,97669
maluku|kepulauanaru|aruselatantimur,97666
maluku|kepulauanaru|aruselatanutara,97668
maluku|malukubaratdaya|moalakor,97442
maluku|malukubaratdaya|damer,97128
maluku|malukubaratdaya|mndonahiera,97652
maluku|malukubaratdaya|pulaupulaubabar,97451
maluku|malukubaratdaya|pulaupulaubabartimur,97654
maluku|malukubaratdaya|wetar,97446
maluku|malukubaratdaya|pulaupulauterselatan,97445
maluku|malukubaratdaya|pulauleti,97444
maluku|malukubaratdaya|pulaumasela,97653
maluku|malukubaratdaya|dawelordawera,97651
maluku|malukubaratdaya|pulauwetang,97452
maluku|malukubaratdaya|pulaulakor,97443
maluku|malukubaratdaya|wetarutara,97449
maluku|malukubaratdaya|wetarbarat,97447
maluku|malukubaratdaya|wetartimur,97448
maluku|malukubaratdaya|kepulauanromang,97440
maluku|malukubaratdaya|kisarutara,97441
maluku|buruselatan|namrole,97544
maluku|buruselatan|waesama,97545
maluku|buruselatan|ambalau,97546
maluku|buruselatan|kepalamadan,97541
maluku|buruselatan|leksula,97543
maluku|buruselatan|fenafafan,97542
maluku|ambon|nusaniwe,97111
maluku|ambon|sirimau,97121
maluku|ambon|baguala,97231
maluku|ambon|telukambon,97233
maluku|ambon|leitimurselatan,97129
maluku|tual|pulaudullahutara,97612
maluku|tual|pulaudullahselatan,97611
maluku|tual|tayandotam,97613
maluku|tual|pulaupulaukur,97615
maluku|tual|kurselatan,97614
malukuutara|halmaherabarat|jailolo,97752
malukuutara|halmaherabarat|loloda,97755
malukuutara|halmaherabarat|ibu,97754
malukuutara|halmaherabarat|sahu,97753
malukuutara|halmaherabarat|jailoloselatan,97751
malukuutara|halmaherabarat|ibuutara,97757
malukuutara|halmaherabarat|ibuselatan,97756
malukuutara|halmaherabarat|sahutimur,97758
malukuutara|halmaherabarat|lolodatengah,97755
malukuutara|halmaheratengah|weda,97850
malukuutara|halmaheratengah|patani,97855
malukuutara|halmaheratengah|pulaugebe,97859
malukuutara|halmaheratengah|wedautara,97854
malukuutara|halmaheratengah|wedaselatan,97851
malukuutara|halmaheratengah|pataniutara,97858
malukuutara|halmaheratengah|wedatengah,97853
malukuutara|halmaheratengah|patanibarat,97856
malukuutara|halmaheratengah|wedatimur,97852
malukuutara|halmaheratengah|patanitimur,97857
malukuutara|halmaherautara|galela,97761
malukuutara|halmaherautara|tobelo,97762
malukuutara|halmaherautara|tobeloselatan,97768
malukuutara|halmaherautara|kao,97764
malukuutara|halmaherautara|malifut,97766
malukuutara|halmaherautara|lolodautara,97763
malukuutara|halmaherautara|tobeloutara,97767
malukuutara|halmaherautara|tobelotengah,97768
malukuutara|halmaherautara|tobelotimur,97767
malukuutara|halmaherautara|tobelobarat,97762
malukuutara|halmaherautara|galelabarat,97761
malukuutara|halmaherautara|galelautara,97769
malukuutara|halmaherautara|galelaselatan,97769
malukuutara|halmaherautara|lolodakepulauan,97763
malukuutara|halmaherautara|kaoutara,97764
malukuutara|halmaherautara|kaobarat,97764
malukuutara|halmaherautara|kaoteluk,97765
malukuutara|halmaheraselatan|pulaumakian,97785
malukuutara|halmaheraselatan|kayoa,97780
malukuutara|halmaheraselatan|ganetimur,97783
malukuutara|halmaheraselatan|ganebarat,97782
malukuutara|halmaheraselatan|obiselatan,97792
malukuutara|halmaheraselatan|obi,97792
malukuutara|halmaheraselatan|bacantimur,97791
malukuutara|halmaheraselatan|bacan,97791
malukuutara|halmaheraselatan|bacanbarat,97791
malukuutara|halmaheraselatan|makianbarat,97784
malukuutara|halmaheraselatan|kayoabarat,97781
malukuutara|halmaheraselatan|kayoaselatan,97780
malukuutara|halmaheraselatan|kayoautara,97781
malukuutara|halmaheraselatan|bacanbaratutara,97791
malukuutara|halmaheraselatan|kasirutabarat,97790
malukuutara|halmaheraselatan|kasirutatimur,97790
malukuutara|halmaheraselatan|bacanselatan,97791
malukuutara|halmaheraselatan|kepulauanbotanglomang,97790
malukuutara|halmaheraselatan|mandioliselatan,97791
malukuutara|halmaheraselatan|mandioliutara,97791
malukuutara|halmaheraselatan|bacantimurselatan,97791
malukuutara|halmaheraselatan|bacantimurtengah,97791
malukuutara|halmaheraselatan|ganebaratselatan,97782
malukuutara|halmaheraselatan|ganebaratutara,97789
malukuutara|halmaheraselatan|kepulauanjoronga,97786
malukuutara|halmaheraselatan|ganetimurselatan,97787
malukuutara|halmaheraselatan|ganetimurtengah,97788
malukuutara|halmaheraselatan|obibarat,97792
malukuutara|halmaheraselatan|obitimur,97792
malukuutara|halmaheraselatan|obiutara,97792
malukuutara|kepulauansula|mangolitimur,97793
malukuutara|kepulauansula|sanana,97795
malukuutara|kepulauansula|sulabesibarat,97797
malukuutara|kepulauansula|mangolibarat,97793
malukuutara|kepulauansula|sulabesitengah,97799
malukuutara|kepulauansula|sulabesitimur,97795
malukuutara|kepulauansula|sulabesiselatan,97798
malukuutara|kepulauansula|mangoliutaratimur,97793
malukuutara|kepulauansula|mangolitengah,97793
malukuutara|kepulauansula|mangoliselatan,97793
malukuutara|kepulauansula|mangoliutara,97793
malukuutara|kepulauansula|sananautara,97796
malukuutara|halmaheratimur|wasile,97865
malukuutara|halmaheratimur|maba,97860
malukuutara|halmaheratimur|mabaselatan,97861
malukuutara|halmaheratimur|wasileselatan,97866
malukuutara|halmaheratimur|wasiletengah,97867
malukuutara|halmaheratimur|wasileutara,97869
malukuutara|halmaheratimur|wasiletimur,97868
malukuutara|halmaheratimur|mabatengah,97863
malukuutara|halmaheratimur|mabautara,97864
malukuutara|pulaumorotai|morotaiselatan,97771
malukuutara|pulaumorotai|morotaiselatanbarat,97770
malukuutara|pulaumorotai|morotaijaya,97772
malukuutara|pulaumorotai|morotaiutara,97773
malukuutara|pulaumorotai|morotaitimur,97771
malukuutara|pulaumorotai|pulaurao,97770
malukuutara|pulautaliabu|taliabubarat,97794
malukuutara|pulautaliabu|taliabubaratlaut,97794
malukuutara|pulautaliabu|lede,97794
malukuutara|pulautaliabu|taliabuutara,97794
malukuutara|pulautaliabu|taliabutimur,97794
malukuutara|pulautaliabu|taliabutimurselatan,97794
malukuutara|pulautaliabu|taliabuselatan,97794
malukuutara|pulautaliabu|tabona,97794
malukuutara|ternate|pulauternate,97747
malukuutara|ternate|ternateselatan,97713
malukuutara|ternate|ternateutara,97723
malukuutara|ternate|moti,97741
malukuutara|ternate|pulaubatangdua,97743
malukuutara|ternate|ternatetengah,97711
malukuutara|ternate|pulauhiri,97745
malukuutara|ternate|ternatebarat,97747
malukuutara|tidorekepulauan|tidore,97811
malukuutara|tidorekepulauan|obautara,97827
malukuutara|tidorekepulauan|oba,97824
malukuutara|tidorekepulauan|tidoreselatan,97821
malukuutara|tidorekepulauan|tidoreutara,97823
malukuutara|tidorekepulauan|obatengah,97826
malukuutara|tidorekepulauan|obaselatan,97825
malukuutara|tidorekepulauan|tidoretimur,97822
papua|jayapura|sentani,99352
papua|jayapura|sentanitimur,99359
papua|jayapura|depapre,99353
papua|jayapura|sentanibarat,99358
papua|jayapura|kemtuk,99366
papua|jayapura|kemtukgresi,99367
papua|jayapura|nimboran,99361
papua|jayapura|nimbokrang,99362
papua|jayapura|unurumguay,99356
papua|jayapura|demta,99354
papua|jayapura|kaureh,99364
papua|jayapura|ebungfao,99351
papua|jayapura|waibu,99368
papua|jayapura|nambluong,99360
papua|jayapura|yapsi,99365
papua|jayapura|airu,99363
papua|jayapura|ravenirara,99350
papua|jayapura|gresiselatan,99357
papua|jayapura|yokari,99355
papua|kepulauanyapen|yapenselatan,98612
papua|kepulauanyapen|yapenbarat,98648
papua|kepulauanyapen|yapentimur,98644
papua|kepulauanyapen|angkaisera,98655
papua|kepulauanyapen|poom,98652
papua|kepulauanyapen|kosiwo,98632
papua|kepulauanyapen|yapenutara,98645
papua|kepulauanyapen|raimbawi,98641
papua|kepulauanyapen|telukampimoi,98642
papua|kepulauanyapen|kepulauanambai,98653
papua|kepulauanyapen|wonawa,98647
papua|kepulauanyapen|windesi,98651
papua|kepulauanyapen|pulaukurudu,98643
papua|kepulauanyapen|pulauyerui,98646
papua|kepulauanyapen|anotaurei,98631
papua|kepulauanyapen|yawakukat,98654
papua|kepulauanyapen|nusawani,98653
papua|biaknumfor|biakkota,98511
papua|biaknumfor|biakutara,98544
papua|biaknumfor|biaktimur,98541
papua|biaknumfor|numforbarat,98564
papua|biaknumfor|numfortimur,98562
papua|biaknumfor|biakbarat,98545
papua|biaknumfor|warsa,98553
papua|biaknumfor|padaido,98556
papua|biaknumfor|yendidori,98547
papua|biaknumfor|samofa,98551
papua|biaknumfor|yawosi,98552
papua|biaknumfor|andey,98543
papua|biaknumfor|swandiwe,98546
papua|biaknumfor|bruyadori,98561
papua|biaknumfor|orkeri,98565
papua|biaknumfor|poiru,98563
papua|biaknumfor|aimandopadaido,98555
papua|biaknumfor|oridek,98542
papua|biaknumfor|bondifuar,98554
papua|sarmi|sarmi,99373
papua|sarmi|toratas,99372
papua|sarmi|pantaibarat,99375
papua|sarmi|pantaitimur,99370
papua|sarmi|bonggo,99381
papua|sarmi|apawerhulu,99374
papua|sarmi|sarmiselatan,99376
papua|sarmi|sarmitimur,99377
papua|sarmi|pantaitimurbagianbarat,99371
papua|sarmi|bonggotimur,99382
papua|keerom|waris,99467
papua|keerom|arso,99471
papua|keerom|senggi,99464
papua|keerom|web,99462
papua|keerom|skanto,99469
papua|keerom|arsotimur,99472
papua|keerom|towe,99466
papua|keerom|arsobarat,99473
papua|keerom|mannem,99468
papua|keerom|yaffi,99463
papua|keerom|kaisenar,99465
papua|waropen|waropenbawah,98662
papua|waropen|masirei,98671
papua|waropen|riseisayati,98674
papua|waropen|ureifaisei,98663
papua|waropen|inggerus,98661
papua|waropen|kirihi,98673
papua|waropen|oudate,98665
papua|waropen|wapoga,98664
papua|waropen|demba,98672
papua|waropen|wonti,98676
papua|waropen|soyoimambai,98675
papua|supiori|supioriselatan,98572
papua|supiori|supioriutara,98582
papua|supiori|supioritimur,98573
papua|supiori|kepulauanaruri,98571
papua|supiori|supioribarat,98581
papua|mamberamoraya|mamberamotengah,98692
papua|mamberamoraya|mamberamohulu,98694
papua|mamberamoraya|rufaer,98695
papua|mamberamoraya|mamberamotengahtimur,98693
papua|mamberamoraya|mamberamohilir,98691
papua|mamberamoraya|waropenatas,98681
papua|mamberamoraya|benuki,98683
papua|mamberamoraya|sawai,98682
papua|jayapura|jayapurautara,99111
papua|jayapura|jayapuraselatan,99220
papua|jayapura|abepura,99225
papua|jayapura|muaratami,99311
papua|jayapura|heram,99328
papuabaratdaya|sorong|makbon,98452
papuabaratdaya|sorong|beraur,98432
papuabaratdaya|sorong|salawati,98423
papuabaratdaya|sorong|seget,98426
papuabaratdaya|sorong|aimas,98444
papuabaratdaya|sorong|klamono,98441
papuabaratdaya|sorong|sayosa,98453
papuabaratdaya|sorong|segun,98427
papuabaratdaya|sorong|mayamuk,98421
papuabaratdaya|sorong|salawatiselatan,98424
papuabaratdaya|sorong|klabot,98436
papuabaratdaya|sorong|klawak,98437
papuabaratdaya|sorong|maudus,98457
papuabaratdaya|sorong|mariat,98445
papuabaratdaya|sorong|klayili,98451
papuabaratdaya|sorong|klaso,98456
papuabaratdaya|sorong|moisegen,98422
papuabaratdaya|sorong|sorong,98416
papuabaratdaya|sorong|bagun,98431
papuabaratdaya|sorong|wemak,98455
papuabaratdaya|sorong|sunook,98459
papuabaratdaya|sorong|buk,98434
papuabaratdaya|sorong|saengkeduk,98458
papuabaratdaya|sorong|malabotom,98443
papuabaratdaya|sorong|konhir,98437
papuabaratdaya|sorong|klasafet,98442
papuabaratdaya|sorong|hobard,98435
papuabaratdaya|sorong|salawatitengah,98425
papuabaratdaya|sorong|botain,98433
papuabaratdaya|sorong|sayosatimur,98454
papuabarat|manokwari|warmare,98317
papuabarat|manokwari|prafi,98316
papuabarat|manokwari|masni,98318
papuabarat|manokwari|manokwaribarat,98312
papuabarat|manokwari|manokwaritimur,98311
papuabarat|manokwari|manokwariutara,98314
papuabarat|manokwari|manokwariselatan,98313
papuabarat|manokwari|tanahrubuh,98315
papuabarat|manokwari|sidey,98319
papuabarat|fakfak|fakfak,98011
papuabarat|fakfak|fakfakbarat,98022
papuabarat|fakfak|fakfaktimur,98027
papuabarat|fakfak|kokas,98016
papuabarat|fakfak|fakfaktengah,98012
papuabarat|fakfak|karas,98032
papuabarat|fakfak|bomberay,98026
papuabarat|fakfak|kramongmongga,98017
papuabarat|fakfak|telukpatipi,98024
papuabarat|fakfak|pariwari,98013
papuabarat|fakfak|wartutin,98025
papuabarat|fakfak|fakfaktimurtengah,98031
papuabarat|fakfak|arguni,98014
papuabarat|fakfak|mbahamdandara,98021
papuabarat|fakfak|kayauni,98015
papuabarat|fakfak|furwagi,98023
papuabarat|fakfak|tomage,98033
papuabaratdaya|sorongselatan|teminabuan,98216
papuabaratdaya|sorongselatan|inanwatan,98223
papuabaratdaya|sorongselatan|sawiat,98232
papuabaratdaya|sorongselatan|kokoda,98221
papuabaratdaya|sorongselatan|moswaren,98212
papuabaratdaya|sorongselatan|seremuk,98214
papuabaratdaya|sorongselatan|wayer,98215
papuabaratdaya|sorongselatan|kais,98222
papuabaratdaya|sorongselatan|konda,98211
papuabaratdaya|sorongselatan|matemani,98225
papuabaratdaya|sorongselatan|kokodautara,98224
papuabaratdaya|sorongselatan|saifi,98213
papuabaratdaya|sorongselatan|fokour,98231
papuabaratdaya|sorongselatan|salkma,98233
papuabaratdaya|sorongselatan|kaisdarat,98226
papuabaratdaya|rajaampat|misoolmisoolutara,98483
papuabaratdaya|rajaampat|waigeoutara,98466
papuabaratdaya|rajaampat|waigeoselatan,98475
papuabaratdaya|rajaampat|salawatiutara,98495
papuabaratdaya|rajaampat|kepulauanayau,98462
papuabaratdaya|rajaampat|misooltimur,98486
papuabaratdaya|rajaampat|waigeobarat,98464
papuabaratdaya|rajaampat|waigeotimur,98476
papuabaratdaya|rajaampat|telukmayalibit,98473
papuabaratdaya|rajaampat|kofiau,98482
papuabaratdaya|rajaampat|meosmansar,98472
papuabaratdaya|rajaampat|misoolselatan,98485
papuabaratdaya|rajaampat|warwarbomi,98467
papuabaratdaya|rajaampat|waigeobaratkepulauan,98465
papuabaratdaya|rajaampat|misoolbarat,98484
papuabaratdaya|rajaampat|kepulauansembilan,98481
papuabaratdaya|rajaampat|waisai,98471
papuabaratdaya|rajaampat|tiplolmayalibit,98474
papuabaratdaya|rajaampat|batantautara,98492
papuabaratdaya|rajaampat|salawatibarat,98493
papuabaratdaya|rajaampat|salawatitengah,98494
papuabaratdaya|rajaampat|supnin,98463
papuabaratdaya|rajaampat|ayau,98461
papuabaratdaya|rajaampat|batantaselatan,98491
papuabarat|telukbintuni|bintuni,98141
papuabarat|telukbintuni|merdey,98163
papuabarat|telukbintuni|babo,98132
papuabarat|telukbintuni|aranday,98151
papuabarat|telukbintuni|moskonaselatan,98155
papuabarat|telukbintuni|moskonautara,98165
papuabarat|telukbintuni|wamesa,98146
papuabarat|telukbintuni|fafurwar,98133
papuabarat|telukbintuni|tembuni,98144
papuabarat|telukbintuni|kuri,98135
papuabarat|telukbintuni|manimeri,98143
papuabarat|telukbintuni|tuhiba,98145
papuabarat|telukbintuni|dataranbeimes,98142
papuabarat|telukbintuni|sumuri,98136
papuabarat|telukbintuni|kaitaro,98134
papuabarat|telukbintuni|aroba,98131
papuabarat|telukbintuni|masyeta,98162
papuabarat|telukbintuni|biscoop,98161
papuabarat|telukbintuni|tomu,98156
papuabarat|telukbintuni|kamundan,98152
papuabarat|telukbintuni|weriagar,98157
papuabarat|telukbintuni|moskonabarat,98154
papuabarat|telukbintuni|meyado,98153
papuabarat|telukbintuni|moskonatimur,98164
papuabarat|telukwondama|wasior,98346
papuabarat|telukwondama|windesi,98336
papuabarat|telukwondama|telukduairi,98345
papuabarat|telukwondama|wondiboy,98347
papuabarat|telukwondama|wamesa,98335
papuabarat|telukwondama|rumberpon,98333
papuabarat|telukwondama|naikere,98342
papuabarat|telukwondama|rasiei,98343
papuabarat|telukwondama|kuriwamesa,98341
papuabarat|telukwondama|roon,98344
papuabarat|telukwondama|roswar,98332
papuabarat|telukwondama|nikiwar,98331
papuabarat|telukwondama|sougjaya,98334
papuabarat|kaimana|kaimana,98113
papuabarat|kaimana|buruway,98123
papuabarat|kaimana|telukarguniatas,98111
papuabarat|kaimana|teluketna,98121
papuabarat|kaimana|kambrau,98114
papuabarat|kaimana|telukargunibawah,98112
papuabarat|kaimana|yamor,98122
papuabaratdaya|tambrauw|fef,98366
papuabaratdaya|tambrauw|miyah,98371
papuabaratdaya|tambrauw|yembun,98379
papuabaratdaya|tambrauw|kwoor,98369
papuabaratdaya|tambrauw|sausapor,98373
papuabaratdaya|tambrauw|abun,98363
papuabaratdaya|tambrauw|syujak,98374
papuabaratdaya|tambrauw|moraid,98361
papuabaratdaya|tambrauw|kebar,98391
papuabaratdaya|tambrauw|amberbaken,98381
papuabaratdaya|tambrauw|senopi,98396
papuabaratdaya|tambrauw|mubrani,98385
papuabaratdaya|tambrauw|bikar,98365
papuabaratdaya|tambrauw|bamusbama,98378
papuabaratdaya|tambrauw|ases,98364
papuabaratdaya|tambrauw|miyahselatan,98372
papuabaratdaya|tambrauw|ireres,98367
papuabaratdaya|tambrauw|tobouw,98376
papuabaratdaya|tambrauw|wilhemroumbouts,98377
papuabaratdaya|tambrauw|tinggouw,98375
papuabaratdaya|tambrauw|kwesefo,98368
papuabaratdaya|tambrauw|mawabuan,98395
papuabaratdaya|tambrauw|kebartimur,98393
papuabaratdaya|tambrauw|kebarselatan,98392
papuabaratdaya|tambrauw|manekar,98394
papuabaratdaya|tambrauw|mpur,98384
papuabaratdaya|tambrauw|amberbakenbarat,98382
papuabaratdaya|tambrauw|kasi,98383
papuabaratdaya|tambrauw|selemkai,98362
papuabaratdaya|maybrat|aifat,98271
papuabaratdaya|maybrat|aifatutara,98277
papuabaratdaya|maybrat|aifattimur,98273
papuabaratdaya|maybrat|aifatselatan,98272
papuabaratdaya|maybrat|aitinyobarat,98262
papuabaratdaya|maybrat|aitinyo,98261
papuabaratdaya|maybrat|aitinyoutara,98265
papuabaratdaya|maybrat|ayamaru,98240
papuabaratdaya|maybrat|ayamaruutara,98248
papuabaratdaya|maybrat|ayamarutimur,98246
papuabaratdaya|maybrat|mare,98251
papuabaratdaya|maybrat|aifattimurtengah,98276
papuabaratdaya|maybrat|aifattimurjauh,98274
papuabaratdaya|maybrat|aifattimurselatan,98275
papuabaratdaya|maybrat|ayamaruselatan,98243
papuabaratdaya|maybrat|ayamarujaya,98242
papuabaratdaya|maybrat|ayamaruselatanjaya,98244
papuabaratdaya|maybrat|ayamarutimurselatan,98247
papuabaratdaya|maybrat|ayamaruutaratimur,98249
papuabaratdaya|maybrat|ayamarutengah,98245
papuabaratdaya|maybrat|ayamarubarat,98241
papuabaratdaya|maybrat|aitinyotengah,98264
papuabaratdaya|maybrat|aitinyoraya,98263
papuabaratdaya|maybrat|mareselatan,98252
papuabarat|manokwariselatan|ransiki,98324
papuabarat|manokwariselatan|oransbari,98321
papuabarat|manokwariselatan|neney,98323
papuabarat|manokwariselatan|dataranisim,98326
papuabarat|manokwariselatan|momiwaren,98322
papuabarat|manokwariselatan|tahota,98325
papuabarat|pegununganarfak|anggi,98355
papuabarat|pegununganarfak|anggigida,98356
papuabarat|pegununganarfak|membey,98354
papuabarat|pegununganarfak|sururey,98358
papuabarat|pegununganarfak|didohu,98359
papuabarat|pegununganarfak|taige,98357
papuabarat|pegununganarfak|catubouw,98352
papuabarat|pegununganarfak|testega,98350
papuabarat|pegununganarfak|minyambaouw,98351
papuabarat|pegununganarfak|hingk,98353
papuabaratdaya|sorong|sorongtimur,98418
papuabaratdaya|sorong|sorongbarat,98412
papuabaratdaya|sorong|sorongkepulauan,98413
papuabaratdaya|sorong|sorongutara,98410
papuabaratdaya|sorong|sorongmanoi,98415
papuabaratdaya|sorong|sorongkota,98414
papuabaratdaya|sorong|klaurung,98417
papuabaratdaya|sorong|malaimsimsa,98419
papuabaratdaya|sorong|maladummes,98411
papuaselatan|merauke|merauke,99604
papuaselatan|merauke|muting,99634
papuaselatan|merauke|okaba,99638
papuaselatan|merauke|kimaam,99641
papuaselatan|merauke|semangga,99631
papuaselatan|merauke|tanahmiring,99632
papuaselatan|merauke|jagebob,99645
papuaselatan|merauke|sota,99648
papuaselatan|merauke|ulilin,99635
papuaselatan|merauke|elikobal,99633
papuaselatan|merauke|kurik,99646
papuaselatan|merauke|naukenjerai,99621
papuaselatan|merauke|animha,99644
papuaselatan|merauke|malind,99647
papuaselatan|merauke|tubang,99639
papuaselatan|merauke|ngguti,99637
papuaselatan|merauke|kaptel,99636
papuaselatan|merauke|tabonji,99642
papuaselatan|merauke|waan,99643
papuaselatan|merauke|ilwayab,99640
papuaselatan|merauke|padua,99640
papuaselatan|merauke|kontuar,99643
papuaselatan|bovendigoel|mandobo,99674
papuaselatan|bovendigoel|mindiptana,99663
papuaselatan|bovendigoel|waropko,99684
papuaselatan|bovendigoel|kouh,99655
papuaselatan|bovendigoel|jair,99651
papuaselatan|bovendigoel|bomakia,99672
papuaselatan|bovendigoel|kombut,99662
papuaselatan|bovendigoel|iniyandit,99661
papuaselatan|bovendigoel|arimop,99671
papuaselatan|bovendigoel|fofi,99673
papuaselatan|bovendigoel|ambatkwi,99681
papuaselatan|bovendigoel|manggelum,99692
papuaselatan|bovendigoel|firiwage,99691
papuaselatan|bovendigoel|yaniruma,99685
papuaselatan|bovendigoel|subur,99653
papuaselatan|bovendigoel|kombay,99682
papuaselatan|bovendigoel|ninati,99683
papuaselatan|bovendigoel|sesnuk,99664
papuaselatan|bovendigoel|ki,99652
papuaselatan|bovendigoel|kawagit,99654
papuaselatan|mappi|obaa,99870
papuaselatan|mappi|mambiomanbapai,99873
papuaselatan|mappi|citakmitak,99875
papuaselatan|mappi|edera,99852
papuaselatan|mappi|haju,99881
papuaselatan|mappi|assue,99874
papuaselatan|mappi|kaibar,99876
papuaselatan|mappi|passue,99871
papuaselatan|mappi|minyamur,99872
papuaselatan|mappi|venaha,99854
papuaselatan|mappi|syahcame,99853
papuaselatan|mappi|yakomi,99855
papuaselatan|mappi|bamgi,99851
papuaselatan|mappi|passuebawah,99877
papuaselatan|mappi|tizain,99878
papuaselatan|asmat|agats,99777
papuaselatan|asmat|atsj,99775
papuaselatan|asmat|sawaerma,99783
papuaselatan|asmat|akat,99779
papuaselatan|asmat|fayit,99782
papuaselatan|asmat|pantaikasuari,99773
papuaselatan|asmat|suator,99792
papuaselatan|asmat|surusuru,99781
papuaselatan|asmat|kolfbraza,99791
papuaselatan|asmat|unirsirau,99780
papuaselatan|asmat|joerat,99784
papuaselatan|asmat|pulautiga,99778
papuaselatan|asmat|jetsy,99785
papuaselatan|asmat|derkoumur,99771
papuaselatan|asmat|kopay,99772
papuaselatan|asmat|safan,99774
papuaselatan|asmat|sirets,99787
papuaselatan|asmat|ayip,99776
papuaselatan|asmat|betcbamu,99786
papuaselatan|asmat|joutu,99792
papuaselatan|asmat|aswi,99782
papuaselatan|asmat|awyu,99771
papuaselatan|asmat|korowaybuluanop,99791
papuaselatan|asmat|tomorbirip,99780
papuaselatan|asmat|sorep,99779
papuatengah|nabire|nabire,98811
papuatengah|nabire|napan,98862
papuatengah|nabire|yaur,98852
papuatengah|nabire|uwapa,98842
papuatengah|nabire|wanggar,98854
papuatengah|nabire|siriwo,98841
papuatengah|nabire|makimi,98863
papuatengah|nabire|telukumar,98851
papuatengah|nabire|telukkimi,98831
papuatengah|nabire|yaro,98853
papuatengah|nabire|wapoga,98861
papuatengah|nabire|nabirebarat,98856
papuatengah|nabire|moora,98864
papuatengah|nabire|dipa,98843
papuatengah|nabire|menou,98855
papuatengah|puncakjaya|mulia,98915
papuatengah|puncakjaya|ilu,98935
papuatengah|puncakjaya|fawi,98942
papuatengah|puncakjaya|mewoluk,98945
papuatengah|puncakjaya|yamo,98925
papuatengah|puncakjaya|nume,98933
papuatengah|puncakjaya|torere,98926
papuatengah|puncakjaya|tingginambut,98922
papuatengah|puncakjaya|pagaleme,98916
papuatengah|puncakjaya|gurage,98911
papuatengah|puncakjaya|irimuli,98913
papuatengah|puncakjaya|muara,98914
papuatengah|puncakjaya|ilamburawi,98912
papuatengah|puncakjaya|yambi,98917
papuatengah|puncakjaya|lumo,98944
papuatengah|puncakjaya|molanikime,98946
papuatengah|puncakjaya|dokome,98924
papuatengah|puncakjaya|kalome,98921
papuatengah|puncakjaya|wanwi,98923
papuatengah|puncakjaya|yamoneri,98937
papuatengah|puncakjaya|waegi,98936
papuatengah|puncakjaya|nioga,98932
papuatengah|puncakjaya|gubume,98931
papuatengah|puncakjaya|taganombak,98934
papuatengah|puncakjaya|dagai,98941
papuatengah|puncakjaya|kiyage,98943
papuatengah|paniai|paniaitimur,98711
papuatengah|paniai|paniaibarat,98723
papuatengah|paniai|aradide,98731
papuatengah|paniai|bogabaida,98736
papuatengah|paniai|bibida,98741
papuatengah|paniai|dumadama,98743
papuatengah|paniai|siriwo,98724
papuatengah|paniai|kebo,98715
papuatengah|paniai|yatamo,98726
papuatengah|paniai|ekadide,98733
papuatengah|paniai|wegeemuka,98717
papuatengah|paniai|wegeebino,98716
papuatengah|paniai|pugodagi,98719
papuatengah|paniai|muye,98721
papuatengah|paniai|nakama,98722
papuatengah|paniai|telukdeya,98727
papuatengah|paniai|yagai,98718
papuatengah|paniai|youtadi,98737
papuatengah|paniai|bayabiru,98735
papuatengah|paniai|deiyaimiyo,98725
papuatengah|paniai|dogomo,98742
papuatengah|paniai|aweida,98732
papuatengah|paniai|topiyai,98734
papuatengah|paniai|fajartimur,98731
papuatengah|mimika|mimikabaru,99952
papuatengah|mimika|agimuga,99964
papuatengah|mimika|mimikatimur,99962
papuatengah|mimika|mimikabarat,99975
papuatengah|mimika|jita,99965
papuatengah|mimika|jila,99961
papuatengah|mimika|mimikatimurjauh,99971
papuatengah|mimika|mimikatengah,99972
papuatengah|mimika|kualakencana,99969
papuatengah|mimika|tembagapura,99967
papuatengah|mimika|mimikabaratjauh,99974
papuatengah|mimika|mimikabarattengah,99976
papuatengah|mimika|kwamkinarama,99951
papuatengah|mimika|hoya,99960
papuatengah|mimika|iwaka,99968
papuatengah|mimika|wania,99963
papuatengah|mimika|amar,99973
papuatengah|mimika|alama,99966
papuatengah|puncak|ilaga,98965
papuatengah|puncak|wangbe,98955
papuatengah|puncak|beoga,98951
papuatengah|puncak|doufo,98982
papuatengah|puncak|pogoma,98976
papuatengah|puncak|sinak,98977
papuatengah|puncak|agandugume,98970
papuatengah|puncak|gome,98963
papuatengah|puncak|dervos,98981
papuatengah|puncak|beogabarat,98952
papuatengah|puncak|beogatimur,98953
papuatengah|puncak|ogamanim,98954
papuatengah|puncak|kembru,98972
papuatengah|puncak|bina,98971
papuatengah|puncak|sinakbarat,98978
papuatengah|puncak|mageabume,98974
papuatengah|puncak|yugumuak,98979
papuatengah|puncak|ilagautara,98966
papuatengah|puncak|mabugi,98967
papuatengah|puncak|omukia,98968
papuatengah|puncak|lambewi,98973
papuatengah|puncak|oneri,98975
papuatengah|puncak|amungkalpia,98961
papuatengah|puncak|gomeutara,98964
papuatengah|puncak|erelmakawia,98962
papuatengah|dogiyai|kamu,98882
papuatengah|dogiyai|mapia,98871
papuatengah|dogiyai|piyaiye,98874
papuatengah|dogiyai|kamuutara,98885
papuatengah|dogiyai|sukikaiselatan,98875
papuatengah|dogiyai|mapiabarat,98872
papuatengah|dogiyai|kamuselatan,98883
papuatengah|dogiyai|kamutimur,98884
papuatengah|dogiyai|mapiatengah,98873
papuatengah|dogiyai|dogiyai,98881
papuatengah|intanjaya|sugapa,98793
papuatengah|intanjaya|homeyo,98791
papuatengah|intanjaya|wandai,98785
papuatengah|intanjaya|biandoga,98784
papuatengah|intanjaya|agisiga,98782
papuatengah|intanjaya|hitadipa,98792
papuatengah|intanjaya|ugimba,98794
papuatengah|intanjaya|tomosiga,98783
papuatengah|deiyai|tigi,98764
papuatengah|deiyai|tigitimur,98771
papuatengah|deiyai|bowobado,98751
papuatengah|deiyai|tigibarat,98761
papuatengah|deiyai|kapiraya,98752
papuapegunungan|jayawijaya|wamena,99511
papuapegunungan|jayawijaya|kurulu,99521
papuapegunungan|jayawijaya|asologaima,99531
papuapegunungan|jayawijaya|hubikosi,99552
papuapegunungan|jayawijaya|bolakme,99541
papuapegunungan|jayawijaya|walelagama,99510
papuapegunungan|jayawijaya|musatfak,99533
papuapegunungan|jayawijaya|wolo,99548
papuapegunungan|jayawijaya|asolokobal,99501
papuapegunungan|jayawijaya|pelebaga,99554
papuapegunungan|jayawijaya|yalengga,99549
papuapegunungan|jayawijaya|trikora,99508
papuapegunungan|jayawijaya|napua,99505
papuapegunungan|jayawijaya|walaik,99509
papuapegunungan|jayawijaya|wouma,99514
papuapegunungan|jayawijaya|hubikiak,99551
papuapegunungan|jayawijaya|ibele,99553
papuapegunungan|jayawijaya|taelarek,99555
papuapegunungan|jayawijaya|itlayhisage,99503
papuapegunungan|jayawijaya|siepkosi,99507
papuapegunungan|jayawijaya|usilimo,99524
papuapegunungan|jayawijaya|witawaya,99526
papuapegunungan|jayawijaya|libarek,99522
papuapegunungan|jayawijaya|wadangku,99525
papuapegunungan|jayawijaya|pisugi,99523
papuapegunungan|jayawijaya|koragi,99544
papuapegunungan|jayawijaya|tagime,99546
papuapegunungan|jayawijaya|molagalome,99545
papuapegunungan|jayawijaya|tagineri,99547
papuapegunungan|jayawijaya|silokarnodoga,99535
papuapegunungan|jayawijaya|piramid,99534
papuapegunungan|jayawijaya|muliama,99532
papuapegunungan|jayawijaya|bugi,99543
papuapegunungan|jayawijaya|bpiri,99542
papuapegunungan|jayawijaya|welesi,99512
papuapegunungan|jayawijaya|asotipo,99502
papuapegunungan|jayawijaya|maima,99504
papuapegunungan|jayawijaya|popugoba,99506
papuapegunungan|jayawijaya|wame,99536
papuapegunungan|jayawijaya|wesaput,99513
papuapegunungan|pegununganbintang|oksibil,99415
papuapegunungan|pegununganbintang|kiwirok,99421
papuapegunungan|pegununganbintang|okbibab,99404
papuapegunungan|pegununganbintang|iwur,99432
papuapegunungan|pegununganbintang|batom,99442
papuapegunungan|pegununganbintang|borme,99452
papuapegunungan|pegununganbintang|kiwiroktimur,99422
papuapegunungan|pegununganbintang|aboy,99401
papuapegunungan|pegununganbintang|pepera,99417
papuapegunungan|pegununganbintang|bime,99451
papuapegunungan|pegununganbintang|alemsom,99411
papuapegunungan|pegununganbintang|okbape,99414
papuapegunungan|pegununganbintang|kalomdol,99412
papuapegunungan|pegununganbintang|oksop,99416
papuapegunungan|pegununganbintang|serambakon,99418
papuapegunungan|pegununganbintang|okaom,99413
papuapegunungan|pegununganbintang|kawor,99433
papuapegunungan|pegununganbintang|awinbon,99431
papuapegunungan|pegununganbintang|tarup,99434
papuapegunungan|pegununganbintang|okhika,99424
papuapegunungan|pegununganbintang|oksamol,99426
papuapegunungan|pegununganbintang|oklip,99425
papuapegunungan|pegununganbintang|okbemtau,99423
papuapegunungan|pegununganbintang|oksebang,99427
papuapegunungan|pegununganbintang|okbab,99403
papuapegunungan|pegununganbintang|batani,99441
papuapegunungan|pegununganbintang|weime,99446
papuapegunungan|pegununganbintang|murkim,99444
papuapegunungan|pegununganbintang|mofinop,99443
papuapegunungan|pegununganbintang|jetfa,99402
papuapegunungan|pegununganbintang|teiraplu,99405
papuapegunungan|pegununganbintang|eipumek,99453
papuapegunungan|pegununganbintang|pamek,99454
papuapegunungan|pegununganbintang|nongme,99445
papuapegunungan|yahukimo|kurima,99705
papuapegunungan|yahukimo|anggruk,99751
papuapegunungan|yahukimo|ninia,99740
papuapegunungan|yahukimo|silimo,99712
papuapegunungan|yahukimo|samenage,99710
papuapegunungan|yahukimo|nalca,99757
papuapegunungan|yahukimo|dekai,99702
papuapegunungan|yahukimo|obio,99708
papuapegunungan|yahukimo|surusuru,99715
papuapegunungan|yahukimo|wusama,99719
papuapegunungan|yahukimo|amuma,99701
papuapegunungan|yahukimo|musaik,99707
papuapegunungan|yahukimo|pasema,99709
papuapegunungan|yahukimo|hogio,99703
papuapegunungan|yahukimo|mugi,99706
papuapegunungan|yahukimo|soba,99713
papuapegunungan|yahukimo|werima,99718
papuapegunungan|yahukimo|tangma,99716
papuapegunungan|yahukimo|ukha,99717
papuapegunungan|yahukimo|panggema,99759
papuapegunungan|yahukimo|kosarek,99756
papuapegunungan|yahukimo|nipsan,99758
papuapegunungan|yahukimo|ubahak,99763
papuapegunungan|yahukimo|pronggoli,99760
papuapegunungan|yahukimo|walma,99765
papuapegunungan|yahukimo|yahuliambut,99745
papuapegunungan|yahukimo|hereapini,99755
papuapegunungan|yahukimo|ubalihi,99764
papuapegunungan|yahukimo|talambo,99762
papuapegunungan|yahukimo|puldama,99761
papuapegunungan|yahukimo|endomen,99754
papuapegunungan|yahukimo|kona,99721
papuapegunungan|yahukimo|dirwemna,99752
papuapegunungan|yahukimo|holuon,99733
papuapegunungan|yahukimo|lolat,99739
papuapegunungan|yahukimo|soloikma,99743
papuapegunungan|yahukimo|sela,99741
papuapegunungan|yahukimo|korupun,99735
papuapegunungan|yahukimo|langda,99738
papuapegunungan|yahukimo|bomela,99731
papuapegunungan|yahukimo|suntamon,99744
papuapegunungan|yahukimo|seradala,99711
papuapegunungan|yahukimo|sobaham,99742
papuapegunungan|yahukimo|kabianggama,99734
papuapegunungan|yahukimo|kwelamdua,99736
papuapegunungan|yahukimo|kwikma,99737
papuapegunungan|yahukimo|hilipuk,99732
papuapegunungan|yahukimo|duram,99753
papuapegunungan|yahukimo|yogosem,99720
papuapegunungan|yahukimo|kayo,99704
papuapegunungan|yahukimo|sumo,99714
papuapegunungan|tolikara|karubaga,99027
papuapegunungan|tolikara|bokondini,99012
papuapegunungan|tolikara|kanggime,99044
papuapegunungan|tolikara|kembu,99056
papuapegunungan|tolikara|goyage,99025
papuapegunungan|tolikara|wunim,99036
papuapegunungan|tolikara|wina,99063
papuapegunungan|tolikara|umagi,99061
papuapegunungan|tolikara|panaga,99057
papuapegunungan|tolikara|woniki,99048
papuapegunungan|tolikara|kubu,99030
papuapegunungan|tolikara|kondakondaga,99028
papuapegunungan|tolikara|nelawi,99032
papuapegunungan|tolikara|kuari,99029
papuapegunungan|tolikara|bokoneri,99013
papuapegunungan|tolikara|bewani,99011
papuapegunungan|tolikara|nabunage,99045
papuapegunungan|tolikara|gilubandu,99043
papuapegunungan|tolikara|nunggawi,99046
papuapegunungan|tolikara|gundagi,99055
papuapegunungan|tolikara|numba,99033
papuapegunungan|tolikara|timori,99060
papuapegunungan|tolikara|dundu,99052
papuapegunungan|tolikara|geya,99024
papuapegunungan|tolikara|egiam,99053
papuapegunungan|tolikara|poganeri,99058
papuapegunungan|tolikara|kamboneri,99015
papuapegunungan|tolikara|airgaram,99021
papuapegunungan|tolikara|waritaiyeveii,99062
papuapegunungan|tolikara|dow,99051
papuapegunungan|tolikara|tagineri,99017
papuapegunungan|tolikara|yuneri,99037
papuapegunungan|tolikara|wakuwo,99047
papuapegunungan|tolikara|gika,99054
papuapegunungan|tolikara|telenggeme,99059
papuapegunungan|tolikara|anawi,99022
papuapegunungan|tolikara|wenam,99034
papuapegunungan|tolikara|wugi,99035
papuapegunungan|tolikara|danime,99014
papuapegunungan|tolikara|tagime,99016
papuapegunungan|tolikara|kai,99026
papuapegunungan|tolikara|aweku,99041
papuapegunungan|tolikara|bogonuk,99042
papuapegunungan|tolikara|lianogomma,99031
papuapegunungan|tolikara|biuk,99023
papuapegunungan|tolikara|yuko,99064
papuapegunungan|mamberamotengah|kobakma,99074
papuapegunungan|mamberamotengah|kelila,99072
papuapegunungan|mamberamotengah|eragayam,99071
papuapegunungan|mamberamotengah|megambilis,99075
papuapegunungan|mamberamotengah|ilugwa,99073
papuapegunungan|yalimo|elelim,99082
papuapegunungan|yalimo|apalapsili,99084
papuapegunungan|yalimo|abenaho,99085
papuapegunungan|yalimo|benawa,99081
papuapegunungan|yalimo|welarek,99083
papuapegunungan|lannyjaya|tiom,99593
papuapegunungan|lannyjaya|pirime,99581
papuapegunungan|lannyjaya|makki,99565
papuapegunungan|lannyjaya|gamelia,99566
papuapegunungan|lannyjaya|dimba,99575
papuapegunungan|lannyjaya|melagineri,99589
papuapegunungan|lannyjaya|balingga,99583
papuapegunungan|lannyjaya|tiomneri,99595
papuapegunungan|lannyjaya|kuyawage,99587
papuapegunungan|lannyjaya|poga,99570
papuapegunungan|lannyjaya|niname,99591
papuapegunungan|lannyjaya|nogi,99592
papuapegunungan|lannyjaya|yiginua,99598
papuapegunungan|lannyjaya|tiomollo,99594
papuapegunungan|lannyjaya|yugungwi,99599
papuapegunungan|lannyjaya|mokoni,99590
papuapegunungan|lannyjaya|wereka,99597
papuapegunungan|lannyjaya|milimbo,99579
papuapegunungan|lannyjaya|wiringgambut,99582
papuapegunungan|lannyjaya|gollo,99576
papuapegunungan|lannyjaya|awina,99572
papuapegunungan|lannyjaya|ayumnati,99573
papuapegunungan|lannyjaya|wanobarat,99596
papuapegunungan|lannyjaya|goabalim,99586
papuapegunungan|lannyjaya|bruwa,99585
papuapegunungan|lannyjaya|balinggabarat,99584
papuapegunungan|lannyjaya|gupura,99562
papuapegunungan|lannyjaya|kolawa,99563
papuapegunungan|lannyjaya|gelokbeam,99561
papuapegunungan|lannyjaya|kulylanny,99564
papuapegunungan|lannyjaya|lannyna,99578
papuapegunungan|lannyjaya|karu,99568
papuapegunungan|lannyjaya|yiluk,99571
papuapegunungan|lannyjaya|guna,99567
papuapegunungan|lannyjaya|kelulome,99577
papuapegunungan|lannyjaya|nikogwe,99580
papuapegunungan|lannyjaya|muara,99569
papuapegunungan|lannyjaya|bugukgona,99574
papuapegunungan|lannyjaya|melagi,99588
papuapegunungan|nduga|kenyam,99922
papuapegunungan|nduga|mapenduma,99909
papuapegunungan|nduga|yigi,99919
papuapegunungan|nduga|wosak,99929
papuapegunungan|nduga|geselma,99903
papuapegunungan|nduga|mugi,99913
papuapegunungan|nduga|mbuwa,99910
papuapegunungan|nduga|gearek,99921
papuapegunungan|nduga|koroptak,99908
papuapegunungan|nduga|kegayem,99906
papuapegunungan|nduga|paro,99916
papuapegunungan|nduga|mebarok,99912
papuapegunungan|nduga|yenggelo,99918
papuapegunungan|nduga|kilmid,99907
papuapegunungan|nduga|alama,99901
papuapegunungan|nduga|yal,99942
papuapegunungan|nduga|mam,99941
papuapegunungan|nduga|dal,99902
papuapegunungan|nduga|nirkuri,99915
papuapegunungan|nduga|inikgal,99904
papuapegunungan|nduga|iniye,99905
papuapegunungan|nduga|mbulmuyalma,99911
papuapegunungan|nduga|mbuatengah,99925
papuapegunungan|nduga|embetpen,99920
papuapegunungan|nduga|kora,99923
papuapegunungan|nduga|wusi,99930
papuapegunungan|nduga|pija,99928
papuapegunungan|nduga|moba,99926
papuapegunungan|nduga|wutpaga,99917
papuapegunungan|nduga|nenggeagin,99914
papuapegunungan|nduga|krepkuri,99924
papuapegunungan|nduga|pasirputih,99927
